Gavia,Gavia egeriana,12.719999999999999,12.719999999999999
Palaeospheniscus,Palaeospheniscus interruptus,18.205000000000002,18.205000000000002
Aletornis,Aletornis pernix,42.900000000000006,42.900000000000006
Colymbus,Colymbus parvus,0.06885,3.0940000000000003
Syrigma,Syrigma sanctimartini,0.06885,0.06885
Morus,Morus lompocanus,5.423,12.719999999999999
Calonectris,Calonectris diomedea,1.29985,4.4665
Neogaeornis,Neogaeornis wetzeli,68.3,68.3
Phalacrocorax,Phalacrocorax rogersi,3.9605,3.9605
Stictocarbo,Stictocarbo kumeyaay,3.35,3.35
Phalacrocorax,Phalacrocorax goletensis,1.29985,6.050000000000001
Nettion,Nettion ogallalae,11.95,11.95
Anthropodyptes,Anthropodyptes gilli,19.5,19.5
Spheniscus,Spheniscus demersus,0.00585,0.4535
Palaeeudyptes,Palaeeudyptes klekowskii,35.95,42.9
Prosybris,Prosybris antiqua,31.15,31.15
Wilaru,Wilaru tedfordi,25.715,25.715
Palaelodus,Palaelodus aotearoa,17.45,17.45
Bambolinetta,Bambolinetta lignitifila,8.470500000000001,8.470500000000001
Eudyptes,Eudyptes pachyrhynchus,0.00585,0.06885
Puffinus,Puffinus priscus,8.470500000000001,14.895
Protorhea,Protorhea azarae,5.4,5.4
Rallus,Rallus limicola,0.06885,3.35
Chionoides,Chionoides australiensis,25.715,25.715
Aquila,Aquila sodalis,1.29985,1.29985
Heterostrix,Heterostrix tatsinensis,31.15,31.15
Geochen,Geochen rhuax,0.00585,0.00585
Podiceps,Podiceps arndti,3.35,3.35
Eoneornis,Eoneornis australis,13.789000000000001,13.789000000000001
Ichthyornis,Ichthyornis maltshevskyi,91.4,91.4
Tringa,Tringa fuscicollis,1.29985,1.29985
Changmaornis,Changmaornis houi,119.0,119.0
Anhinga,Anhinga grandis,7.6000000000000005,11.95
Gracilitarsus,Gracilitarsus mirabilis,44.5,44.5
Sula,Sula universitatis,17.319000000000003,17.319000000000003
Xanthocephalus,Xanthocephalus xanthocephalus,0.06885,0.156
Palaeortyx,Palaeortyx gallica,25.715,25.715
Rahonavis,Rahonavis ostromi,69.05,69.05
Nannonetta,Nannonetta invisitata,0.06885,0.06885
Morus,Morus peninsularis,4.4665,14.785
Chenonetta,Chenonetta finschi,0.06885,1.294
Nettapus,Nettapus eyrensis,0.06885,0.06885
Archaeornithura,Archaeornithura meemannae,126.22999999999999,126.22999999999999
Paraortyx,Paraortyx lorteti,31.0,31.0
Phalacrocorax,Phalacrocorax marinavis,28.465,28.465
Qiliania,Qiliania graffini,119.0,119.0
Accipiter,Accipiter fasciatus,0.00585,0.00585
Paracrax,Paracrax gigantea,32.05,32.05
Viator,Viator picis,0.06885,0.06885
Olar,Olar buccinator,0.06885,1.05
Stercorarius,Stercorarius parasiticus,4.4665,4.4665
Morus,Morus peruvianus,6.2895,6.2895
Aegotheles,Aegotheles novaezealandiae,0.00585,0.063
Porzana,Porzana astrictocarpus,0.00585,1.29985
Eremopezus,Eremopezus eocaenus,31.0,31.0
Buteo,Buteo fluviaticus,33.599999999999994,33.599999999999994
Gallinula,Gallinula chloropus,0.00585,3.0940000000000003
Pikaihao,Pikaihao bartlei,17.45,17.45
Aquatilavipes,Aquatilavipes curriei,107.15,107.15
Aberratiodontus,Aberratiodontus wui,119.0,119.0
Ptychoramphus,Ptychoramphus aleuticus,0.00585,3.35
Miortyx,Miortyx teres,18.2,18.2
Miotadorna,Miotadorna sanctibathansi,17.45,17.45
Parapavo,Parapavo californicus,0.06885,3.35
Phalacrocorax,Phalacrocorax reliquus,3.9605,3.9605
Anser,Anser arizonae,4.4665,4.4665
Prophalacrocorax,Prophalacrocorax ronzoni,31.15,31.15
Coragyps,Coragyps atratus,0.06885,3.35
Jinzhouornis,Jinzhouornis yixianensis,125.93,125.93
Miocitta,Miocitta galbreathi,14.785,14.785
Septentrogon,Septentrogon madseni,51.9,51.9
Fluviatilavis,Fluviatilavis antunesi,52.2,52.2
Pseudocrypturus,Pseudocrypturus cercanaxius,53.05,53.05
Phocavis,Phocavis maritimus,35.95,35.95
Cathayornis,Cathayornis yandica,119.0,121.2
Anabernicula,Anabernicula gracilenta,1.05,3.35
Phalacrocorax,Phalacrocorax chapalensis,1.29985,1.29985
Rissa,Rissa tridactyla,0.00585,1.29985
Aythya,Aythya valisineria,0.06885,3.35
Palaeophasianus,Palaeophasianus meleagroides,53.05,53.05
Anthornis,Anthornis melanura,0.063,0.06885
Numenius,Numenius tahitiensis,0.00585,0.06885
Procellaria,Procellaria parkinsoni,4.4665,4.4665
Delphinornis,Delphinornis arctowskii,35.95,35.95
Coenocorypha,Coenocorypha iredalei,0.06885,0.06885
Lonchodytes,Lonchodytes estesi,68.3,68.3
Eretiscus,Eretiscus tonnii,18.205000000000002,21.735
Falco,Falco novaeseelandiae,0.06885,0.06885
Agriocharis,Agriocharis anza,1.05,1.05
Larus,Larus elmorei,3.9605,3.9605
Pica,Pica mourerae,2.1905,2.1905
Wieslochia,Wieslochia weissi,31.0,31.0
Ardea,Ardea paloccidentalis,1.29985,1.29985
Arenaria,Arenaria interpres,0.06885,1.29985
Morus,Morus loxostylus,4.4665,18.2
Branta,Branta woolfendeni,14.785,14.785
Tympanuchus,Tympanuchus stirtoni,18.2,18.2
Piscivoravis,Piscivoravis lii,119.0,119.0
Shenzhouraptor,Shenzhouraptor sinensis,123.955,123.955
Archaeocycnus,Archaeocycnus lacustris,0.06885,0.06885
Xiangornis,Xiangornis shenmi,119.0,119.0
Phaeornis,Phaeornis obscurus,0.06885,0.06885
Dinornis,Dinornis struthoides,0.063,1.294
Phalacrocorax,Phalacrocorax macer,3.0940000000000003,3.0940000000000003
Sula,Sula sulita,6.2895,6.2895
Scolecophagus,Scolecophagus affinis,1.29985,1.29985
Anhinga,Anhinga pannonica,8.470500000000001,8.470500000000001
Nupharanassa,Nupharanassa bulotorum,31.0,31.0
Leptoptilos,Leptoptilos patagonicus,8.470500000000001,8.470500000000001
Jeholornis,Jeholornis palmapenis,123.955,123.955
Primotrogon,Primotrogon wintersteini,31.15,31.15
Gavia,Gavia fortis,4.4665,4.4665
Nupharanassa,Nupharanassa tolutaria,31.0,31.0
Protocypselomorphus,Protocypselomorphus manfredkelleri,44.5,44.5
Falco,Falco oregonus,0.06885,0.06885
Uria,Uria aalge,0.00585,1.29985
Aythya,Aythya americana,0.06885,1.29985
Palaeoephippiorhynchus,Palaeoephippiorhynchus dietrichi,31.0,31.0
Cyphornis,Cyphornis magnus,28.465,28.465
Grus,Grus grus,0.063,1.29985
Sula,Sula brandi,9.433,9.433
Colymbus,Colymbus oligocaenus,28.465,28.465
Anas,Anas amotape,0.06885,0.06885
Pterodroma,Pterodroma hypoleuca,0.00585,0.06885
Sazavis,Sazavis prisca,88.05,91.4
Fulmarus,Fulmarus hammeri,8.470500000000001,8.470500000000001
Paraprefica,Paraprefica kelleri,44.5,44.5
Falco,Falco sparverius,0.00585,3.35
Athene,Athene veta,2.894,3.9605
Namaortyx,Namaortyx sperrgebietensis,39.65,39.65
Nestor,Nestor notabilis,0.06885,0.06885
Palaeospheniscus,Palaeospheniscus bilocular,18.205000000000002,18.205000000000002
Melanitta,Melanitta nigra,0.00585,4.4665
Butorides,Butorides virescens,0.06885,1.05
Bucephala,Bucephala ossivallis,14.785,14.785
Cursoricoccyx,Cursoricoccyx geraldinae,18.2,18.2
Teratornis,Teratornis merriami,0.063,1.29985
Neophrontops,Neophrontops vetustus,18.2,18.2
Copepteryx,Copepteryx hexeris,25.565,25.715
Palaeastur,Palaeastur atavus,22.615000000000002,22.615000000000002
Haliaeetus,Haliaeetus albicilla,0.00585,1.29985
Gastornis,Gastornis russelli,57.6,57.6
Pinguinus,Pinguinus impennis,0.00585,1.6845
Primobucco,Primobucco kistneri,53.05,53.05
Hesperornis,Hesperornis gracilis,83.25,83.25
Gastornis,Gastornis parisiensis,52.2,57.6
Scolopax,Scolopax hutchensi,1.05,3.35
Walbeckornis,Walbeckornis creber,60.400000000000006,60.400000000000006
Schizooura,Schizooura lii,123.955,123.955
Berruornis,Berruornis orbisantiqui,57.6,57.6
Haematopus,Haematopus finschi,0.06885,0.06885
Gymnogyps,Gymnogyps californianus,0.06885,1.29985
Anas,Anas kurochkini,7.0165,7.0165
Phalacrocorax,Phalacrocorax filyawi,3.0940000000000003,3.0940000000000003
Haematopus,Haematopus palliatus,4.4665,14.785
Phalacrocorax,Phalacrocorax wetmorei,4.4665,14.785
Opisthodactylus,Opisthodactylus patagonicus,13.789000000000001,13.789000000000001
Colymboides,Colymboides metzleri,31.0,31.0
Megapaloelodus,Megapaloelodus opsigonus,6.2895,11.95
Palaeogyps,Palaeogyps prodromus,35.55,35.55
Palaeeudyptes,Palaeeudyptes antarcticus,23.45,36.6
Feitianius,Feitianius paradisi,119.0,119.0
Zygodactylus,Zygodactylus luberonensis,31.15,31.15
Shenqiornis,Shenqiornis mengi,144.25,144.25
Eudocimus,Eudocimus peruvianus,0.06885,0.06885
Passerculus,Passerculus sandwichensis,0.06885,3.35
Mycteria,Mycteria milleri,14.785,14.785
Yandangornis,Yandangornis longicaudus,77.05,77.05
Colaptes,Colaptes auratus,0.063,3.35
Protostrix,Protostrix leptosteus,48.25,48.25
Pachydyptes,Pachydyptes simpsoni,35.95,35.95
Cratoavis,Cratoavis cearensis,119.0,119.0
Phaps,Phaps elegans,0.00585,0.00585
Pasquiaornis,Pasquiaornis tankei,96.55,96.55
Palaeotringa,Palaeotringa littoralis,66.15,68.3
Laornis,Laornis edvardsianus,68.3,68.3
Jibeinia,Jibeinia luanhera,121.2,127.2
Dasornis,Dasornis abdoun,51.9,51.9
Stemec,Stemec suntokum,25.565,25.565
Puffinus,Puffinus inceptor,14.895,14.895
Morus,Morus magnus,5.423,5.423
Upupa,Upupa antaios,1.29985,1.29985
Puffinus,Puffinus felthami,4.4665,4.4665
Eobucco,Eobucco brodkorbi,42.900000000000006,42.900000000000006
Spizella,Spizella pusilla,0.06885,1.05
Pterodroma,Pterodroma inexpectata,0.06885,0.06885
Paraptenodytes,Paraptenodytes antarcticus,13.789000000000001,21.735
Pygoscelis,Pygoscelis grandis,4.4665,4.4665
Anas,Anas cyanoptera,0.06885,3.35
Xinghaiornis,Xinghaiornis lini,123.955,123.955
Emuarius,Emuarius gidju,13.789000000000001,22.185
Fulica,Fulica americana,0.00585,3.35
Larus,Larus atricilla,0.06885,4.4665
Cerorhinca,Cerorhinca dubia,9.433,9.433
Podiceps,Podiceps auritus,0.06885,14.785
Larus,Larus robustus,0.06885,1.29985
Proornis,Proornis coreae,122.75,122.75
Helonetta,Helonetta brodkorbi,3.35,3.35
Sula,Sula sula,0.00585,0.00585
Melospiza,Melospiza melodia,0.00585,3.35
Volgavis,Volgavis marina,68.3,68.3
Moris,Moris reyana,0.156,1.29985
Kuntur,Kuntur cardenasi,9.433,9.433
Bauxitornis,Bauxitornis mindszentyae,84.94999999999999,84.94999999999999
Podiceps,Podiceps dixi,0.156,0.156
Manuherikia,Manuherikia minuta,17.45,17.45
Accipiter,Accipiter cooperi,0.06885,0.06885
Pelecanus,Pelecanus grandiceps,0.06885,0.06885
Colymbus,Colymbus nigricollis,0.063,1.29985
Gracilornis,Gracilornis jiufotangensis,119.0,119.0
Aquatilavipes,Aquatilavipes izumiensis,131.15,131.15
Papasula,Papasula abbotti,0.00585,0.00585
Confuciusornis,Confuciusornis dui,126.22999999999999,126.22999999999999
Pachydyptes,Pachydyptes ponderosus,35.15,35.15
Corvus,Corvus wetmorei,1.29985,1.29985
Fulmarus,Fulmarus glacialis,0.00585,1.29985
Dromaius,Dromaius novaehollandiae,0.06885,2.7295000000000003
Spheniscus,Spheniscus chilensis,3.0940000000000003,3.0940000000000003
Teviornis,Teviornis gobiensis,74.8,74.8
Cnemiornis,Cnemiornis calcitrans,0.063,0.06885
Phalacrocorax,Phalacrocorax carbo,0.00585,1.29985
Buteo,Buteo lineatus,0.06885,1.29985
Inkayacu,Inkayacu paracasensis,35.95,35.95
Ramphastosula,Ramphastosula ramirezi,6.2895,6.2895
Palaeocrex,Palaeocrex fax,35.55,35.55
Gansus,Gansus yumenensis,119.0,119.0
Eostega,Eostega lebedinskyi,44.55,44.55
Longusunguis,Longusunguis kurochkini,119.0,119.0
Macrodontopteryx,Macrodontopteryx oweni,44.55,51.9
Contopus,Contopus virens,0.06885,0.06885
Platycercus,Platycercus elegans,0.00585,0.00585
Uhangrichnus,Uhangrichnus chuni,77.85,112.75
Pterodroma,Pterodroma lessonii,4.4665,4.4665
Palaeospheniscus,Palaeospheniscus wimani,21.735,21.735
Matanas,Matanas enrighti,17.45,17.45
Corvus,Corvus corax,0.00585,1.29985
Palaeotodus,Palaeotodus itardiensis,31.0,31.0
Archaeornithipus,Archaeornithipus meijidei,132.0,132.0
Arthrodytes,Arthrodytes andrewsi,19.5,19.5
Eleutherornis,Eleutherornis helveticus,39.65,39.65
Pelecanus,Pelecanus occidentalis,0.06885,0.06885
Calidris,Calidris melanotos,0.06885,4.4665
Chen,Chen caerulescens,0.06885,1.29985
Ardea,Ardea cinerea,1.29985,4.4665
Cepphus,Cepphus columba,0.00585,0.06885
Phalacrocorax,Phalacrocorax longipes,3.9605,4.4665
Pelagornis,Pelagornis longirostris,19.5,19.5
Phaps,Phaps chalcoptera,0.00585,0.063
Limnofregata,Limnofregata azygosternon,53.05,53.05
Somateria,Somateria mollissima,0.00585,4.4665
Patagonichnornis,Patagonichnornis venetiorum,68.3,68.3
Podiceps,Podiceps discors,3.35,3.35
Oceanodroma,Oceanodroma hubbsi,8.470500000000001,8.470500000000001
Marambiornis,Marambiornis exilis,35.95,42.9
Porzana,Porzana keplerorum,0.00585,0.00585
Messelirrisor,Messelirrisor grandis,44.5,44.5
Neocathartes,Neocathartes grallator,35.55,35.55
Ornimegalonyx,Ornimegalonyx oteroi,1.29985,1.29985
Diomedeoides,Diomedeoides lipsiensis,31.0,31.15
Paraprefica,Paraprefica major,44.5,44.5
Hwangsanipes,Hwangsanipes choughi,77.85,77.85
Mancalla,Mancalla lucasi,3.057,4.4665
Ajaia,Ajaia chione,1.05,1.05
Miomancalla,Miomancalla howardi,6.2895,6.2895
Explorornis,Explorornis nessovi,83.25,83.25
Sceloglaux,Sceloglaux albifacies,0.06885,1.294
Uria,Uria brodkorbi,9.433,9.433
Duntroonornis,Duntroonornis parvus,26.25,26.25
Grallistrix,Grallistrix orion,0.06885,0.06885
Amplibuteo,Amplibuteo hibbardi,0.06885,0.06885
Matuku,Matuku otagoense,17.45,17.45
Rapaxavis,Rapaxavis pani,119.0,119.0
Phoenicopterus,Phoenicopterus floridanus,4.4665,14.785
Ambiortus,Ambiortus dementjevi,128.95,128.95
Leucocarbo,Leucocarbo carunculatus,0.06885,0.06885
Promilio,Promilio floridanus,18.2,18.2
Argentavis,Argentavis magnificens,7.9,7.9
Pelagornis,Pelagornis stirtoni,3.0940000000000003,3.0940000000000003
Hongshanornis,Hongshanornis longicresta,121.2,127.2
Paraptenodytes,Paraptenodytes robustus,18.205000000000002,19.5
Corvus,Corvus pliocaenus,2.6723500000000002,2.6723500000000002
Corvus,Corvus annectens,1.29985,1.29985
Speotyto,Speotyto cunicularia,0.06885,3.35
Chaoyangia,Chaoyangia beishanensis,119.0,119.0
Cistothorus,Cistothorus brevis,0.156,0.156
Melanerpes,Melanerpes carolinus,0.06885,0.06885
Bartramia,Bartramia umatilla,7.6000000000000005,7.6000000000000005
Limnodromus,Limnodromus scolopaceus,0.06885,2.6
Ceramornis,Ceramornis major,68.3,68.3
Platydyptes,Platydyptes amiesi,23.45,24.5
Palaeortyx,Palaeortyx volans,8.470500000000001,8.470500000000001
Eoenantiornis,Eoenantiornis buhleri,125.93,125.93
Sterna,Sterna maxima,4.4665,4.4665
Martinavis,Martinavis cruzyensis,77.05,77.05
Patagopteryx,Patagopteryx deferrariisi,84.94999999999999,84.94999999999999
Milvago,Milvago brodkorbi,0.06885,0.06885
Toxostoma,Toxostoma rufum,0.06885,1.05
Eocuculus,Eocuculus cherpinae,31.15,35.55
Bohaiornis,Bohaiornis guoi,119.0,119.0
Falco,Falco cenchroides,0.00585,0.00585
Dendragapus,Dendragapus gillii,1.29985,1.29985
Phalacrocorax,Phalacrocorax destefanii,2.6723500000000002,2.6723500000000002
Lophortyx,Lophortyx shotwelli,7.6000000000000005,7.6000000000000005
Horezmavis,Horezmavis eocretacea,96.55,96.55
Larus,Larus pristinus,28.465,28.465
Pelecanoides,Pelecanoides urinatrix,0.06885,0.06885
Enantiophoenix,Enantiophoenix electrophyla,96.55,96.55
Tytthostonyx,Tytthostonyx glauconiticus,66.15,66.15
Pachycorioolithus,Pachycorioolithus jinyunensis,106.75,106.75
Palaeociconia,Palaeociconia australis,5.4,5.4
Paleosula,Paleosula stocktoni,11.95,13.789000000000001
Plegadis,Plegadis chihi,0.06885,0.06885
Presbyornis,Presbyornis recurvirostrus,44.95,44.95
Morus,Morus avitus,4.4665,14.895
Phasmagyps,Phasmagyps patritus,35.55,35.55
Puffinus,Puffinus tenuirostris,0.06885,4.4665
Zheroia,Zheroia kurochkini,39.65,39.65
Longicrusavis,Longicrusavis houi,127.2,127.2
Amitabha,Amitabha urbsinterdictensis,48.25,48.25
Gallornis,Gallornis straeleni,133.2,133.2
Diomedea,Diomedea thyridata,6.2895,6.2895
Sarmatosula,Sarmatosula dobrogensis,12.719999999999999,12.719999999999999
Aletornis,Aletornis nobilis,48.25,48.25
Haliaeetus,Haliaeetus leucocephalus,0.00585,1.29985
Primapus,Primapus lacki,51.9,51.9
Cygnus,Cygnus hibbardi,3.0940000000000003,3.0940000000000003
Erolia,Erolia penepusilla,14.785,14.785
Taubatornis,Taubatornis campbelli,22.185,22.185
Protomelanitta,Protomelanitta bakeri,11.95,11.95
Spheniscus,Spheniscus muizoni,12.719999999999999,12.719999999999999
Confuciusornis,Confuciusornis sanctus,126.22999999999999,126.22999999999999
Protoplotus,Protoplotus beauforti,49.95,49.95
Aegialornis,Aegialornis wetmorei,39.65,39.65
Branta,Branta canadensis,0.00585,3.35
Grus,Grus nannodes,7.6000000000000005,7.6000000000000005
Palaeospiza,Palaeospiza bella,35.55,35.55
Martinavis,Martinavis vincei,68.3,68.3
Puffinus,Puffinus opisthomelas,0.06885,1.29985
Telmabates,Telmabates howardae,42.900000000000006,42.900000000000006
Nestor,Nestor meridionalis,0.06885,0.06885
Tonsala,Tonsala hildegardae,31.0,31.0
Borvocarbo,Borvocarbo tardatus,18.205000000000002,18.205000000000002
Pica,Pica pica,0.06885,1.29985
Martinavis,Martinavis whetstonei,68.3,68.3
Boluochia,Boluochia zhengi,119.0,119.0
Larus,Larus oregonus,0.06885,1.29985
Colinus,Colinus suilium,0.06885,3.35
Theristicus,Theristicus wetmorei,0.06885,0.06885
Botauroides,Botauroides parvus,42.900000000000006,42.900000000000006
Mopsitta,Mopsitta tanta,51.9,51.9
Bathornis,Bathornis celeripes,33.599999999999994,33.599999999999994
Moho,Moho braccatus,0.00585,0.00585
Uria,Uria paleohesperis,4.4665,4.4665
Neophrontops,Neophrontops americanus,0.06885,1.29985
Rallus,Rallus elegans,0.06885,1.05
Accipiter,Accipiter striatus,0.063,0.156
Primocolius,Primocolius sigei,39.65,39.65
Odontopteryx,Odontopteryx toliapica,51.9,57.6
Messelastur,Messelastur gratulator,44.5,44.5
Falco,Falco readi,0.06885,0.06885
Eocathartes,Eocathartes robustus,44.55,44.55
Grallistrix,Grallistrix erdmani,0.00585,0.00585
Gavia,Gavia arctica,0.06885,0.156
Larus,Larus delawarensis,1.29985,4.4665
Rallus,Rallus longirostris,0.00585,3.35
Oceanodroma,Oceanodroma castro,0.00585,1.29985
Palaeospheniscus,Palaeospheniscus planus,19.5,19.5
Alca,Alca ausonia,3.0940000000000003,4.4665
Paleopsilopterus,Paleopsilopterus itaboraiensis,53.650000000000006,53.650000000000006
Fulica,Fulica infelix,14.1815,14.1815
Stictocarbo,Stictocarbo punctatus,0.06885,0.06885
Gavia,Gavia brodkorbi,5.423,5.423
Vescornis,Vescornis hebeiensis,121.2,121.2
Puffinus,Puffinus puffinus,0.06885,4.4665
Apteribis,Apteribis glenos,0.00585,0.06885
Palaeonossax,Palaeonossax senectus,32.05,32.05
Phalacrocorax,Phalacrocorax penicillatus,0.06885,0.156
Foetopterus,Foetopterus ambiguus,5.4,5.4
Neochen,Neochen barbadiana,0.063,0.063
Phalacrocorax,Phalacrocorax macropus,0.06885,1.29985
Mergus,Mergus australis,0.06885,0.06885
Lithornis,Lithornis plebius,56.3,56.3
Puffinus,Puffinus holeae,0.06885,0.06885
Kairuku,Kairuku waitaki,25.565,25.565
Gargantuavis,Gargantuavis philoinos,74.75,77.05
Eocoracias,Eocoracias brachyptera,44.5,44.5
Haematopus,Haematopus unicolor,0.06885,0.06885
Petroica,Petroica australis,0.063,0.06885
Songzia,Songzia heidangkouensis,52.2,52.2
Chondestes,Chondestes grammacus,1.05,1.29985
Longchengornis,Longchengornis sanyanensis,119.0,119.0
Gallus,Gallus gallus,0.00585,0.00585
Liaoningornis,Liaoningornis longidigitris,123.955,123.955
Qianshanornis,Qianshanornis rapax,63.85,63.85
Anchigyps,Anchigyps voorhiesi,11.95,11.95
Nucleornis,Nucleornis insolitus,4.4665,4.4665
Anomalopteryx,Anomalopteryx didiformis,0.00585,1.294
Colymbus,Colymbus subparvus,3.9605,3.9605
Catoptrophorus,Catoptrophorus semipalmatus,0.06885,1.29985
Probalearica,Probalearica crataegensis,18.2,18.2
Phalacrocorax,Phalacrocorax mongoliensis,3.9605,3.9605
Pandion,Pandion lovensis,11.95,11.95
Grus,Grus marshi,42.900000000000006,42.900000000000006
Ramphastosula,Ramphastosula aguierrei,6.2895,6.2895
Soroavisaurus,Soroavisaurus australis,68.3,68.3
Quiscalus,Quiscalus major,0.06885,0.06885
Dalingheornis,Dalingheornis liweii,127.2,127.2
Eremophila,Eremophila alpestris,0.06885,1.29985
Plotopterum,Plotopterum joaquinensis,21.735,21.735
Puffinus,Puffinus griseus,0.06885,1.29985
Elopteryx,Elopteryx nopcsai,69.05,69.05
Thinocorus,Thinocorus koepckae,0.06885,0.06885
Pelagodroma,Pelagodroma marina,0.00585,1.29985
Cygnus,Cygnus atratus,0.06885,0.06885
Dege,Dege hendeyi,4.4665,8.470500000000001
Apteribis,Apteribis brevis,0.00585,0.00585
Egretta,Egretta subfluvia,7.6000000000000005,7.6000000000000005
Tyto,Tyto alba,0.00585,3.35
Marplesornis,Marplesornis novaezealandiae,2.0149999999999997,2.0149999999999997
Calonectris,Calonectris kurodai,14.895,14.895
Latipons,Latipons gardneri,39.65,44.55
Shanweiniao,Shanweiniao cooperorum,123.955,123.955
Miocepphus,Miocepphus blowi,6.2895,6.2895
Piranga,Piranga olivacea,0.06885,0.06885
Eudyptula,Eudyptula minor,0.00585,0.06885
Kaiika,Kaiika maxwelli,52.65,52.65
Dromaius,Dromaius ocypus,3.9605,3.9605
Bucephala,Bucephala clangula,4.4665,4.4665
Grus,Grus canadensis,0.063,3.35
Waimanu,Waimanu tuatahi,57.25,60.400000000000006
Nanantius,Nanantius eos,106.75,106.75
Lagopterus,Lagopterus minutus,0.3965,0.3965
Xenerodiops,Xenerodiops mycter,31.0,31.0
Zhongjianornis,Zhongjianornis yangi,123.955,123.955
Parvirallus,Parvirallus gracilis,39.65,44.55
Uria,Uria lomvia,0.00585,0.00585
Patagornis,Patagornis marshi,13.789000000000001,16.9
Psilopterus,Psilopterus colzecus,8.470500000000001,8.470500000000001
Fortunguavis,Fortunguavis xiaotaizicus,119.0,119.0
Plotus,Plotus laticeps,0.06885,0.06885
Fulmarus,Fulmarus miocaenus,14.895,14.895
Sterna,Sterna nilotica,4.4665,4.4665
Amplibuteo,Amplibuteo woodwardi,1.05,1.05
Podiceps,Podiceps sociatus,9.899999999999999,9.899999999999999
Perugyps,Perugyps diazi,6.2895,6.2895
Tonsala,Tonsala buchanani,31.0,31.15
Haematopus,Haematopus ostralegus,4.4665,4.4665
Pelecanus,Pelecanus cadimurka,0.00585,0.00585
Cruschedula,Cruschedula revola,28.465,28.465
Qinornis,Qinornis paleocenica,62.35,62.35
Alamitornis,Alamitornis minutus,74.8,74.8
Morus,Morus humeralis,3.0940000000000003,3.35
Palaeorallus,Palaeorallus troxelli,53.05,53.05
Fregata,Fregata minor,0.00585,0.00585
Pterodroma,Pterodroma cahow,0.00585,0.00585
Eoconfuciusornis,Eoconfuciusornis zhengi,128.95,128.95
Puffinus,Puffinus mitchelli,14.895,14.895
Sayornis,Sayornis phoebe,0.06885,0.06885
Stercorarius,Stercorarius pomarinus,4.4665,4.4665
Philesturnus,Philesturnus carunculatus,0.06885,0.06885
Capella,Capella media,4.4665,4.4665
Eostrix,Eostrix martinellii,53.05,53.05
Megapaloelodus,Megapaloelodus connectens,14.785,18.2
Koreanornis,Koreanornis sinensis,107.4,107.4
Fluvioviridavis,Fluvioviridavis platyrhamphus,53.05,53.05
Eoalulavis,Eoalulavis hoyasi,127.725,127.725
Alca,Alca minor,4.4665,4.4665
Longirostravis,Longirostravis hani,123.955,123.955
Dunstanetta,Dunstanetta johnstoneorum,17.45,17.45
Eremochen,Eremochen russelli,11.95,14.1815
Dryornis,Dryornis pampeanus,5.4,5.4
Puffinus,Puffinus barnesi,5.423,5.423
Oxyura,Oxyura jamaicensis,0.06885,0.06885
Puffinus,Puffinus gavia,0.06885,0.06885
Miocepphus,Miocepphus mcclungi,8.470500000000001,21.735
Anser,Anser albifrons,0.06885,1.29985
Meleagris,Meleagris tridens,0.06885,0.06885
Buteo,Buteo typhoius,22.615000000000002,22.615000000000002
Anthropornis,Anthropornis grandis,35.95,51.9
Ceryle,Ceryle torquata,2.6,2.6
Boutersemia,Boutersemia parvula,31.15,31.15
Neophrontops,Neophrontops slaughteri,3.35,3.35
Podiceps,Podiceps subparvus,3.35,3.35
Thambetochen,Thambetochen chauliodous,0.06885,0.06885
Miosula,Miosula media,5.423,9.433
Pavo,Pavo muticus,1.29985,1.29985
Sinornis,Sinornis santensis,119.0,119.0
Burhinus,Burhinus nanus,1.29985,1.29985
Asiahesperornis,Asiahesperornis bazhanovi,69.05,69.05
Aramornis,Aramornis longurio,18.2,18.2
Corvus,Corvus brachyrhynchos,0.06885,1.29985
Shandongornipes,Shandongornipes muxiai,114.95,114.95
Otogornis,Otogornis genghisi,122.75,122.75
Pandanaris,Pandanaris convexa,0.06885,0.156
Dorypaltus,Dorypaltus prophatus,0.06885,0.06885
Anas,Anas schneideri,0.06885,0.06885
Jixiangornis,Jixiangornis orientalis,123.955,123.955
Badiostes,Badiostes patagonicus,16.9,16.9
Fratercula,Fratercula arctica,0.00585,4.4665
Rhynchaeites,Rhynchaeites messelensis,44.5,44.5
Tinamisornis,Tinamisornis intermedius,5.4,5.4
Larus,Larus californicus,0.06885,1.29985
Aizengyps,Aizengyps toomeyae,2.6,2.6
Brontornis,Brontornis burmeisteri,13.789000000000001,19.5
Bubo,Bubo virginianus,0.063,3.35
Apatornis,Apatornis celer,86.69999999999999,86.69999999999999
Sula,Sula willetti,1.29985,14.1815
Puffinus,Puffinus pacificoides,1.29985,4.4665
Lutetodontopteryx,Lutetodontopteryx tethyensis,44.55,44.55
Jabiru,Jabiru mycteria,0.06885,0.06885
Burhinus,Burhinus lucorum,18.2,18.2
Baptornis,Baptornis varneri,77.05,77.05
Archaeospheniscus,Archaeospheniscus lopdelli,26.25,26.25
Alca,Alca torda,0.00585,9.433
Zhylgaia,Zhylgaia aestiflua,57.25,57.25
Aquila,Aquila chrysaetos,0.063,2.894
Plioperdix,Plioperdix hungarica,7.0165,7.0165
Itaboravis,Itaboravis elaphrocnemoides,53.650000000000006,53.650000000000006
Wilaru,Wilaru prideauxi,22.185,22.185
Tringa,Tringa ochropus,0.4535,4.4665
Larus,Larus novaehollandiae,0.00585,0.06885
Gavia,Gavia howardae,3.0940000000000003,4.4665
Rhegminornis,Rhegminornis calobates,18.2,18.2
Rallus,Rallus hodgeni,0.06885,0.06885
Remiornis,Remiornis heberti,57.6,57.6
Psilopterus,Psilopterus bachmanni,13.789000000000001,16.9
Aegolius,Aegolius acadicus,0.063,0.156
Paracrax,Paracrax wetmorei,32.05,32.05
Raphus,Raphus cucullatus,0.00585,0.00585
Barawertornis,Barawertornis tedfordi,13.789000000000001,13.789000000000001
Procellaria,Procellaria aequinoctialis,4.4665,4.4665
Puffinus,Puffinus spelaeus,1.294,1.294
Megadyptes,Megadyptes antipodes,0.06885,0.06885
Milvoides,Milvoides kempi,39.65,44.55
Pterodroma,Pterodroma rupinarum,0.00585,1.29985
Phalacrocorax,Phalacrocorax kennelli,3.0940000000000003,3.9605
Halimornis,Halimornis thompsoni,77.05,77.05
Aythya,Aythya marila,1.05,1.29985
Pelecanoides,Pelecanoides cymatotrypetes,4.4665,4.4665
Pterodroma,Pterodroma phaeopygia,0.06885,0.06885
Archaeopteryx,Archaeopteryx lithographica,147.9,147.9
Sarcorhamphus,Sarcorhamphus fossilis,0.3965,0.3965
Miocepphus,Miocepphus bohaskai,12.719999999999999,18.205000000000002
Pseudodontornis,Pseudodontornis tenuirostris,53.650000000000006,53.650000000000006
Scolopax,Scolopax minor,0.06885,0.06885
Synthliboramphus,Synthliboramphus rineyi,3.0940000000000003,3.35
Quiscalus,Quiscalus quiscula,0.06885,0.156
Prosthemadera,Prosthemadera novaeseelandiae,0.063,0.06885
Parargornis,Parargornis messelensis,44.5,44.5
Paracathartes,Paracathartes howardae,52.2,52.2
Gallinago,Gallinago gallinago,0.06885,3.35
Hesperornis,Hesperornis crassipes,83.25,83.25
Boreortalis,Boreortalis laesslei,18.2,18.2
Pygoscelis,Pygoscelis calderensis,13.789000000000001,13.789000000000001
Otus,Otus guildayi,1.05,1.05
Strix,Strix brevis,10.399999999999999,10.399999999999999
Puffinus,Puffinus lherminieri,0.00585,4.4665
Thomasococcyx,Thomasococcyx philohippus,18.2,18.2
Yacoraitichnus,Yacoraitichnus avis,69.05,69.05
Archaeotrogon,Archaeotrogon venustus,35.55,35.55
Dendragapus,Dendragapus obscurus,0.063,0.06885
Porzana,Porzana menehune,0.00585,0.00585
Diomedea,Diomedea milleri,14.895,14.895
Palaeospheniscus,Palaeospheniscus intermedius,19.5,19.5
Cygnus,Cygnus columbianus,0.06885,4.4665
Mancalla,Mancalla cedrosensis,4.4665,6.2895
Nyctanassa,Nyctanassa violacea,0.00585,3.35
Hymenolaimus,Hymenolaimus malacorhynchos,0.06885,0.06885
Anas,Anas americana,0.06885,4.4665
Catharista,Catharista shastensis,0.06885,0.06885
Fulica,Fulica prisca,0.06885,1.294
Cathartes,Cathartes aura,0.00585,1.29985
Passerella,Passerella iliaca,0.06885,0.06885
Archaeorhynchus,Archaeorhynchus spathula,123.955,123.955
Masillastega,Masillastega rectirostris,44.5,44.5
Phoenicopterus,Phoenicopterus copei,0.06885,1.29985
Erolia,Erolia minutilla,0.06885,0.06885
Ptilonorhynchus,Ptilonorhynchus violaceus,0.00585,0.00585
Elsornis,Elsornis keni,77.85,77.85
Phalacrocorax,Phalacrocorax idahensis,1.05,14.785
Pluvialis,Pluvialis dominica,0.06885,1.29985
Tonniornis,Tonniornis minimum,35.95,35.95
Molothrus,Molothrus ater,0.06885,3.35
Cyanocitta,Cyanocitta cristata,0.063,3.35
Megaceryle,Megaceryle alcyon,0.06885,0.06885
Spheniscus,Spheniscus megaramphus,6.2895,13.789000000000001
Porzana,Porzana lacustris,3.0940000000000003,3.0940000000000003
Mancalla,Mancalla vergrandis,3.0940000000000003,3.0940000000000003
Podiceps,Podiceps caspicus,0.06885,1.29985
Tianyuornis,Tianyuornis cheni,123.955,123.955
Geranopterus,Geranopterus alatus,35.55,35.55
Aquatilavipes,Aquatilavipes swiboldae,119.0,119.0
Gallinago,Gallinago azovica,7.0165,7.0165
Pelagornis,Pelagornis miocaenus,12.154,18.205000000000002
Vermivora,Vermivora celata,3.35,3.35
Potamornis,Potamornis skutchi,68.3,68.3
Hokkaidornis,Hokkaidornis abashiriensis,25.565,25.565
Belgirallus,Belgirallus minutus,31.15,31.15
Gavia,Gavia concinna,1.05,14.785
Aletornis,Aletornis gracilis,42.900000000000006,42.900000000000006
Caprimulgus,Caprimulgus piurensis,0.06885,0.06885
Harpagornis,Harpagornis moorei,0.06885,0.06885
Cyrilavis,Cyrilavis olsoni,52.2,52.2
Grabauornis,Grabauornis lingyuanensis,127.2,127.2
Pediohierax,Pediohierax ramenta,14.785,18.2
Aptenodytes,Aptenodytes ridgeni,2.0149999999999997,2.0149999999999997
Anthropornis,Anthropornis nordenskjoeldi,35.95,42.9
Cimolopteryx,Cimolopteryx maxima,68.3,68.3
Pygoscelis,Pygoscelis tyreei,2.0149999999999997,2.0149999999999997
Primotrogon,Primotrogon pumilio,44.5,44.5
Atlantisia,Atlantisia podarces,0.00585,1.29985
Anthochaera,Anthochaera chrysoptera,0.00585,0.00585
Hesperornis,Hesperornis regalis,77.05,84.65
Gobipteryx,Gobipteryx minuta,74.8,77.85
Stercorarius,Stercorarius longicaudus,1.29985,4.4665
Protopelicanus,Protopelicanus cuvierii,35.95,35.95
Cathartes,Cathartes fossilis,0.3965,0.3965
Kelenken,Kelenken guillermoi,14.65,14.65
Pachyornis,Pachyornis elephantopus,0.00585,1.294
Buteo,Buteo rufinus,0.4535,0.4535
Graculavus,Graculavus velox,66.15,68.3
Dendrocopos,Dendrocopos pubescens,0.06885,0.06885
Sarcoramphus,Sarcoramphus fischeri,0.06885,0.06885
Presbyornis,Presbyornis mongoliensis,52.2,57.25
Anas,Anas clypeata,0.06885,4.4665
Lectavis,Lectavis bretincola,68.3,68.3
Catenoleimus,Catenoleimus anachoretus,83.25,83.25
Urubitinga,Urubitinga enecta,18.2,18.2
Pygoscelis,Pygoscelis papua,0.00585,0.00585
Dysmoropelia,Dysmoropelia dekarchiskos,1.29985,1.29985
Grus,Grus antigone,1.29985,4.4665
Judinornis,Judinornis nogontsavensis,69.05,69.05
Leptoptilos,Leptoptilos falconeri,8.470500000000001,8.470500000000001
Yumenornis,Yumenornis huangi,119.0,119.0
Pseudaptenodytes,Pseudaptenodytes macraei,6.2895,6.2895
Linyiornis,Linyiornis amoena,119.0,119.0
Heliadornis,Heliadornis ashbyi,14.895,14.895
Microsula,Microsula pygmaea,14.81,18.205000000000002
Larus,Larus minutus,4.4665,4.4665
Iberomesornis,Iberomesornis romerali,127.725,127.725
Paraptenodytes,Paraptenodytes brodkorbi,19.5,19.5
Fratercula,Fratercula corniculata,0.00585,0.00585
Archaeospheniscus,Archaeospheniscus wimani,35.95,51.9
Nettion,Nettion bunkeri,7.6000000000000005,7.6000000000000005
Conuropsis,Conuropsis fratercula,18.2,18.2
Callaeas,Callaeas cinerea,0.06885,0.06885
Phaethusavis,Phaethusavis pelagicus,51.9,51.9
Melanitta,Melanitta ceruttii,3.35,3.35
Parapengornis,Parapengornis eurycaudatus,119.0,123.955
Diatryma,Diatryma cotei,44.55,44.55
Cariama,Cariama santacrucensis,16.9,16.9
Shiriyanetta,Shiriyanetta hasegawai,0.06885,0.06885
Phorusrhacos,Phorusrhacos longissimus,13.789000000000001,19.5
Evgenavis,Evgenavis nobilis,121.2,121.2
Calcardea,Calcardea junnei,56.3,56.3
Aechmophorus,Aechmophorus elasson,3.35,3.35
Cacatua,Cacatua roseicapilla,0.00585,0.00585
Tyto,Tyto balearica,0.4535,3.9605
Quercyrallus,Quercyrallus ludianus,35.95,35.95
Calidris,Calidris pacis,14.785,14.785
Lamarqueavis,Lamarqueavis australis,74.75,74.75
Presbyornis,Presbyornis isoni,61.0,61.0
Idiornis,Idiornis gaillardi,39.65,39.65
Spizaetus,Spizaetus tanneri,3.35,3.35
Bullockornis,Bullockornis planei,13.789000000000001,13.789000000000001
Samrukia,Samrukia nessovi,78.44999999999999,78.44999999999999
Parabohaiornis,Parabohaiornis martini,119.0,119.0
Proapteryx,Proapteryx micromeros,17.45,17.45
Primobucco,Primobucco perneri,44.5,44.5
Cerorhinca,Cerorhinca minor,4.4665,6.2895
Strix,Strix varia,0.06885,3.35
Fulica,Fulica minor,0.06885,1.29985
Gobipipus,Gobipipus reshetovi,77.05,77.05
Picoides,Picoides villosus,0.06885,3.35
Perplexicervix,Perplexicervix microcephalon,44.5,44.5
Enantiornis,Enantiornis leali,68.3,68.3
Morus,Morus recentior,3.0940000000000003,3.35
Ichthyornis,Ichthyornis minusculus,91.4,91.4
Nettion,Nettion greeni,11.95,11.95
Tinamisornis,Tinamisornis parvulus,5.4,5.4
Corvus,Corvus moriorum,0.06885,0.06885
Masillapodargus,Masillapodargus longipes,44.5,44.5
Dendrocygna,Dendrocygna autumnalis,0.063,1.29985
Mancalla,Mancalla californiensis,3.0940000000000003,4.4665
Madrynornis,Madrynornis mirandus,9.433,9.433
Hadrogyps,Hadrogyps aigialeus,14.895,14.895
Larus,Larus dominicanus,0.00585,0.06885
Protocitta,Protocitta dixi,0.06885,0.156
Juncitarsus,Juncitarsus gracillimus,42.900000000000006,48.25
Ocyplonessa,Ocyplonessa shotwelli,11.95,14.1815
Polarornis,Polarornis gregorii,69.05,69.05
Eutelornis,Eutelornis patagonicus,13.789000000000001,13.789000000000001
Lophodytes,Lophodytes cucullatus,0.06885,1.29985
Phalacrocorax,Phalacrocorax leptopus,8.470500000000001,8.470500000000001
Geronogyps,Geronogyps reliquus,0.06885,0.06885
Lamarqueavis,Lamarqueavis minima,68.3,68.3
Tachycineta,Tachycineta speleodytes,0.06885,0.06885
Branta,Branta ruficollis,1.29985,1.29985
Larus,Larus lacus,3.0940000000000003,3.0940000000000003
Leptoptilos,Leptoptilos dubius,1.29985,1.29985
Primobucco,Primobucco mcgrewi,52.2,52.2
Tachybaptus,Tachybaptus dominicus,3.35,3.35
Grallistrix,Grallistrix auceps,0.00585,0.00585
Boutersemia,Boutersemia belgica,31.15,31.15
Lamarqueavis,Lamarqueavis petra,68.3,68.3
Anas,Anas acuta,0.063,4.4665
Omnivoropteryx,Omnivoropteryx sinousaorum,119.0,119.0
Struthio,Struthio chersonensis,3.394,3.9605
Brachyramphus,Brachyramphus pliocenum,3.35,3.9605
Cardinalis,Cardinalis cardinalis,0.06885,3.35
Pelecanoides,Pelecanoides miokuaka,17.45,17.45
Incolornis,Incolornis martini,83.25,83.25
Podilymbus,Podilymbus podiceps,0.00585,3.35
Flexomornis,Flexomornis howei,96.55,96.55
Botaurus,Botaurus lentiginosus,0.06885,3.35
Palaeophoyx,Palaeophoyx columbiana,0.06885,0.06885
Dumetella,Dumetella carolinensis,0.06885,1.05
Confuciusornis,Confuciusornis feducciai,126.22999999999999,126.22999999999999
Phalacrocorax,Phalacrocorax bougainvillii,0.06885,3.0940000000000003
Wanshuina,Wanshuina lii,60.2,60.2
Miophasianus,Miophasianus medius,10.399999999999999,10.399999999999999
Confuciusornis,Confuciusornis jianchangensis,119.0,119.0
Jeholornis,Jeholornis prima,119.0,119.0
Nanortyx,Nanortyx inexpectatus,35.55,35.55
Gansugyps,Gansugyps linxiaensis,6.325,6.325
Camptodontus,Camptodontus yangi,119.0,119.0
Porzana,Porzana porzana,0.4535,1.29985
Belonopterus,Belonopterus edmondi,0.06885,0.06885
Chen,Chen rossii,0.06885,0.06885
Geranoaetus,Geranoaetus contortus,18.2,18.2
Buteogallus,Buteogallus urubitinga,3.35,3.35
Sula,Sula magna,6.2895,9.433
Rhea,Rhea pampeana,0.06885,0.06885
Bathoceleus,Bathoceleus hyphalus,1.29985,1.29985
Phalacrocorax,Phalacrocorax auritus,0.06885,3.0940000000000003
Baza,Baza gracilis,0.06885,0.06885
Manu,Manu antiquus,26.25,26.25
Palaeospheniscus,Palaeospheniscus affinis,18.205000000000002,18.205000000000002
Chen,Chen hyperborea,0.06885,1.29985
Eoceornis,Eoceornis ardetta,42.900000000000006,42.900000000000006
Zenaida,Zenaida macroura,0.063,3.35
Milvago,Milvago chimachima,0.06885,0.06885
Phaethon,Phaethon lepturus,0.00585,0.00585
Turnipax,Turnipax oechslerorum,31.0,31.0
Thalassarche,Thalassarche bulleri,0.06885,0.06885
Asturaetus,Asturaetus furcillatus,0.06885,0.06885
Osteodontornis,Osteodontornis orri,5.423,14.895
Anas,Anas crecca,0.063,3.35
Sula,Sula figueroae,9.433,9.433
Laterallus,Laterallus guti,0.06885,0.156
Turnix,Turnix varia,0.00585,1.29985
Ortalis,Ortalis tantala,22.615000000000002,22.615000000000002
Miohierax,Miohierax stocki,25.615000000000002,25.615000000000002
Mergus,Mergus merganser,0.00585,3.35
Accipiter,Accipiter gentilis,0.063,0.4535
Zhyraornis,Zhyraornis logunovi,88.05,88.05
Canadaga,Canadaga arctica,68.3,77.85
Pachyptila,Pachyptila turtur,0.06885,0.06885
Anas,Anas talarae,0.06885,0.06885
Geranoides,Geranoides jepseni,53.05,53.05
Miraquila,Miraquila terrestris,0.06885,0.06885
Oreortyx,Oreortyx picta,0.06885,0.06885
Tadorna,Tadorna tadornoides,1.29985,1.29985
Glaucidium,Glaucidium explorator,3.35,3.35
Meleagris,Meleagris richmondi,1.29985,1.29985
Ereunetes,Ereunetes rayi,7.6000000000000005,7.6000000000000005
Fissuravis,Fissuravis weigelti,60.400000000000006,60.400000000000006
Intiornis,Intiornis inexpectatus,77.85,77.85
Aletornis,Aletornis bellus,48.25,48.25
Bubo,Bubo insularis,0.06885,0.4535
Yanornis,Yanornis martini,119.0,119.0
Pachyptila,Pachyptila salax,4.4665,4.4665
Phalacrocorax,Phalacrocorax varius,0.06885,0.06885
Dasornis,Dasornis emuinus,44.55,51.9
Pasquiaornis,Pasquiaornis hardiei,96.55,96.55
Anatalavis,Anatalavis rex,68.3,68.3
Mesetaornis,Mesetaornis polaris,42.9,42.9
Alca,Alca stewarti,4.4665,4.4665
Glaucidium,Glaucidium dickinsoni,1.29985,1.29985
Amplibuteo,Amplibuteo concordatus,1.05,3.35
Corvus,Corvus ossifragus,0.06885,4.4665
Loxia,Loxia curvirostra,0.06885,0.06885
Alexornis,Alexornis antecedens,84.94999999999999,84.94999999999999
Platydyptes,Platydyptes marplesi,26.25,26.25
Miomancalla,Miomancalla wetmorei,4.4665,5.423
Palaeostruthus,Palaeostruthus eurius,9.25,9.25
Parahesperornis,Parahesperornis alexi,86.69999999999999,86.69999999999999
Charadrius,Charadrius semipalmatus,0.06885,1.29985
Platydyptes,Platydyptes novaezealandiae,26.25,35.15
Agriocharis,Agriocharis progenes,3.35,3.35
Pluvialis,Pluvialis squatarola,0.06885,4.4665
Eocrex,Eocrex primus,51.0,51.0
Menura,Menura tyawanoides,19.5,19.5
Ardea,Ardea herodias,0.00585,0.156
Puffinus,Puffinus nestori,3.9605,3.9605
Sulcavis,Sulcavis geeorum,119.0,119.0
Rupephaps,Rupephaps taketake,17.45,17.45
Coccyzus,Coccyzus americanus,0.06885,3.35
Puffinus,Puffinus tedfordi,4.4665,6.2895
Grallistrix,Grallistrix geleches,0.06885,0.06885
Pterodromoides,Pterodromoides minoricensis,3.9605,7.604
Puffinus,Puffinus kanakoffi,3.0940000000000003,3.9605
Porzana,Porzana auffenbergi,0.06885,0.156
Colymbus,Colymbus portisi,2.6723500000000002,2.6723500000000002
Brachyramphus,Brachyramphus dunkeli,3.0940000000000003,3.35
Treleudytes,Treleudytes crassa,18.205000000000002,18.205000000000002
Cepphus,Cepphus olsoni,4.4665,4.4665
Proardeola,Proardeola walkeri,13.789000000000001,13.789000000000001
Parvigrus,Parvigrus pohli,31.15,31.15
Petrochelidon,Petrochelidon pyrrhonota,0.06885,0.06885
Lithornis,Lithornis vulturinus,51.9,52.2
Palaeeudyptes,Palaeeudyptes marplesi,35.55,36.6
Diatryma,Diatryma gigantea,53.05,53.05
Yixianornis,Yixianornis grabaui,119.0,119.0
Miocepphus,Miocepphus mergulellus,4.4665,4.4665
Neanis,Neanis schucherti,52.2,52.2
Buteo,Buteo grangeri,33.599999999999994,33.599999999999994
Branta,Branta propinqua,0.06885,1.29985
Puffinus,Puffinus pacificus,0.00585,0.00585
Chen,Chen pressa,3.0940000000000003,3.0940000000000003
Sapeornis,Sapeornis chaoyangensis,119.0,123.955
Quiscalus,Quiscalus mexicanus,0.156,0.156
Yuanjiawaornis,Yuanjiawaornis viriosus,119.0,119.0
Rhea,Rhea fossilis,12.809000000000001,12.809000000000001
Gurilynia,Gurilynia nessovi,74.8,74.8
Hollanda,Hollanda luceria,77.85,77.85
Jeholornis,Jeholornis curvipes,123.955,123.955
Elbretornis,Elbretornis bonapartei,68.3,68.3
Eocypselus,Eocypselus vincenti,51.9,51.9
Pseudocepphus,Pseudocepphus teres,14.895,14.895
Tadorna,Tadorna variegata,0.06885,0.06885
Anas,Anas platyrhynchos,0.00585,4.4665
Palaeotringa,Palaeotringa vagans,68.3,68.3
Asio,Asio flammeus,0.00585,1.6845
Cimolopteryx,Cimolopteryx rara,68.3,68.3
Hemiphaga,Hemiphaga novaeseelandiae,0.00585,0.06885
Oceanodroma,Oceanodroma homochroa,0.06885,0.06885
Kuszholia,Kuszholia mengi,88.05,88.05
Berruornis,Berruornis halbedeli,60.400000000000006,60.400000000000006
Eonessa,Eonessa anaticula,43.3,43.3
Parvavis,Parvavis chuxiongensis,88.75,88.75
Sitta,Sitta canadensis,0.06885,0.06885
Bathornis,Bathornis fricki,25.615000000000002,25.615000000000002
Palaeortyx,Palaeortyx intermedia,3.9605,21.735
Shengjingornis,Shengjingornis yangi,119.0,119.0
Querquedula,Querquedula integra,18.2,18.2
Explorornis,Explorornis walkeri,83.25,83.25
Fratercula,Fratercula cirrhata,0.00585,4.4665
Ilerdopteryx,Ilerdopteryx viai,127.725,127.725
Telecrex,Telecrex grangeri,42.900000000000006,42.900000000000006
Fratercula,Fratercula dowi,0.06885,1.29985
Branta,Branta hylobadistes,0.00585,0.06885
Palaeospheniscus,Palaeospheniscus patagonicus,18.205000000000002,19.5
Wimanornis,Wimanornis seymourensis,35.95,35.95
Palaeospheniscus,Palaeospheniscus rothi,18.205000000000002,18.205000000000002
Oligocolius,Oligocolius brevitarsus,31.0,31.0
Ichthyornis,Ichthyornis dispar,77.05,87.55
Mystiornis,Mystiornis cyrili,121.2,121.2
Colymbiculus,Colymbiculus udovichenkoi,44.55,44.55
Morus,Morus atlanticus,4.4665,21.735
Propelargus,Propelargus olseni,18.2,18.2
Anas,Anas chlorotis,0.06885,1.294
Tereingaornis,Tereingaornis moisleyi,3.3,3.3
Anas,Anas carolinensis,0.06885,1.29985
Jindongornipes,Jindongornipes kimi,106.75,112.75
Puffinus,Puffinus calhouni,8.470500000000001,12.719999999999999
Korora,Korora oliveri,23.45,23.45
Anas,Anas itchtucknee,0.06885,0.06885
Palaeospheniscus,Palaeospheniscus bergi,13.789000000000001,19.5
Charadrius,Charadrius obscurus,0.06885,0.06885
Falco,Falco falconella,48.25,48.25
Brodavis,Brodavis americanus,68.3,68.3
Titanis,Titanis walleri,3.35,3.35
Protostrix,Protostrix californiensis,43.3,43.3
Pyrrhocorax,Pyrrhocorax graculus,0.06885,1.29985
Lithornis,Lithornis promiscuus,56.3,56.3
Nelepsittacus,Nelepsittacus minimus,17.45,17.45
Porzana,Porzana severnsi,0.00585,0.00585
Phalacrocorax,Phalacrocorax intermedius,13.175,21.735
Aythya,Aythya affinis,0.06885,4.4665
Eostrix,Eostrix tsaganica,52.2,52.2
Melanerpes,Melanerpes erythrocephalus,0.06885,1.05
Cinclosoma,Cinclosoma punctatum,0.00585,0.00585
Dapingfangornis,Dapingfangornis sentisorhinus,119.0,119.0
Ortalis,Ortalis pollicaris,18.2,18.2
Oxyura,Oxyura hulberti,3.35,3.35
Kairuku,Kairuku grebneffi,26.25,26.25
Dendrochen,Dendrochen robusta,18.2,18.2
Ciconia,Ciconia maltha,0.06885,3.35
Oxyura,Oxyura zapatanima,1.29985,1.29985
Delphinornis,Delphinornis larseni,35.95,48.65
Nannococcyx,Nannococcyx psix,0.00585,0.00585
Bucephala,Bucephala albeola,0.06885,4.4665
Porzana,Porzana ziegleri,0.06885,0.06885
Aythya,Aythya collaris,0.06885,3.35
Phalacrocorax,Phalacrocorax femoralis,7.604,7.604
Anhinga,Anhinga subvolans,18.2,18.2
Eopuffinus,Eopuffinus kazachstanensis,57.25,57.25
Fumicollis,Fumicollis hoffmani,79.94999999999999,79.94999999999999
Tyto,Tyto mourerchauvireae,0.4535,0.4535
Telmatornis,Telmatornis priscus,64.05,68.3
Calonectris,Calonectris borealis,4.4665,4.4665
Sula,Sula clarki,3.35,3.35
Songlingornis,Songlingornis linghensis,119.0,119.0
Caracara,Caracara plancus,0.063,1.29985
Chascacocolius,Chascacocolius cacicirostris,44.5,44.5
Spheniscus,Spheniscus urbinai,6.2895,13.789000000000001
Alca,Alca carolinensis,4.4665,4.4665
Phalacrocorax,Phalacrocorax mediterraneus,28.465,28.465
Confuciusornis,Confuciusornis suniae,126.22999999999999,126.22999999999999
Bulweria,Bulweria bifax,0.00585,1.29985
Limicolavis,Limicolavis pluvianella,28.465,28.465
Ectopistes,Ectopistes migratorius,0.063,4.4665
Pliogyps,Pliogyps charon,11.95,11.95
Waimanu,Waimanu manneringi,60.400000000000006,60.400000000000006
Pelecanus,Pelecanus schreiberi,4.4665,4.4665
Meleagris,Meleagris gallopavo,0.00585,1.29985
Longipteryx,Longipteryx chaoyangensis,119.0,119.0
Alethoalaornis,Alethoalaornis agitornis,119.0,119.0
Emeus,Emeus crassus,0.00585,0.06885
Promilio,Promilio epileus,18.2,18.2
Diogenornis,Diogenornis fragilis,53.650000000000006,53.650000000000006
Pleistorallus,Pleistorallus flemingi,1.29985,1.29985
Archaeovolans,Archaeovolans repatriatus,119.0,119.0
Huoshanornis,Huoshanornis huji,119.0,119.0
Caracara,Caracara creightoni,0.00585,1.29985
Falco,Falco pisanus,3.0940000000000003,3.0940000000000003
Pelecanus,Pelecanus odessanus,3.9605,4.4665
Fregata,Fregata ariel,0.00585,0.00585
Zygodactylus,Zygodactylus ignotus,18.45,18.45
Puffinus,Puffinus conradi,14.895,14.895
Numenius,Numenius borealis,0.06885,4.4665
Charadrius,Charadrius bicinctus,0.06885,1.29985
Avisaurus,Avisaurus gloriae,78.19999999999999,78.19999999999999
Copepteryx,Copepteryx titan,25.565,25.565
Eopengornis,Eopengornis martini,131.15,131.15
Pinguinus,Pinguinus alfrednewtoni,4.4665,4.4665
Aegolius,Aegolius martae,0.4535,0.4535
Lithoptila,Lithoptila abdounensis,57.6,57.6
Devincenzia,Devincenzia gallinali,25.0,25.0
Koreanaornis,Koreanaornis hamanensis,97.2,112.75
Porzana,Porzana ralphorum,0.06885,0.06885
Puffinus,Puffinus diatomicus,9.433,14.1815
Enaliornis,Enaliornis sedgwicki,102.44999999999999,102.44999999999999
Synthliboramphus,Synthliboramphus hypoleucus,0.06885,0.06885
Procrax,Procrax brevipes,35.55,35.55
Rhipidura,Rhipidura fuliginosa,0.063,0.063
Aechmophorus,Aechmophorus occidentalis,0.06885,1.29985
Aletornis,Aletornis venustus,42.900000000000006,42.900000000000006
Glossopsitta,Glossopsitta concinna,0.00585,0.00585
Caspiodontornis,Caspiodontornis kobystanicus,25.565,25.565
Cygnus,Cygnus paloregonus,0.06885,0.06885
Struthio,Struthio asiaticus,1.29985,12.719999999999999
Grus,Grus pratensis,11.95,11.95
Yungavolucris,Yungavolucris brevipedalis,68.3,68.3
Changchengornis,Changchengornis hengdaoziensis,135.0,135.0
Leptoptilos,Leptoptilos titan,0.06885,0.06885
Anser,Anser condoni,1.29985,1.29985
Hakawai,Hakawai melvillei,17.45,17.45
Dinornis,Dinornis giganteus,0.06885,0.06885
Inguza,Inguza predemersus,4.4665,8.470500000000001
Tympanuchus,Tympanuchus pallidicinctus,0.06885,1.29985
Petralca,Petralca austriaca,21.735,25.715
Anabernicula,Anabernicula oregonensis,0.06885,0.06885
Calonectris,Calonectris krantzi,4.4665,4.4665
Janipes,Janipes nymphaeobates,31.0,31.0
Pelecanus,Pelecanus sivalensis,3.0940000000000003,3.0940000000000003
Thambetochen,Thambetochen xanion,0.06885,0.06885
Charadrius,Charadrius sanctaehelenae,0.00585,1.29985
Pengornis,Pengornis houi,119.0,119.0
Martinavis,Martinavis minor,68.3,68.3
Colinus,Colinus virginianus,0.063,3.35
Pellornis,Pellornis mikkelseni,51.9,51.9
Barrosopus,Barrosopus slobodai,77.05,77.05
Aphelocoma,Aphelocoma coerulescens,0.06885,3.35
Dasyornis,Dasyornis brachypterus,0.00585,0.00585
Buteo,Buteo buteo,0.00585,0.4535
Iaceornis,Iaceornis marshi,78.19999999999999,78.19999999999999
Tatarornipes,Tatarornipes chabuensis,127.725,127.725
Telmabates,Telmabates antiquus,42.900000000000006,42.900000000000006
Pelagornis,Pelagornis chilensis,8.4765,12.719999999999999
Kizylkumavis,Kizylkumavis cretacea,89.9,89.9
Mesembriornis,Mesembriornis milneedwardsi,4.4665,5.4
Nelepsittacus,Nelepsittacus donmertoni,17.45,17.45
Perudyptes,Perudyptes devriesi,44.55,44.55
Buteo,Buteo platypterus,0.06885,0.06885
Chendytes,Chendytes lawi,0.06885,1.29985
Liptornis,Liptornis hesternus,13.789000000000001,13.789000000000001
Yanornis,Yanornis guozhangi,125.93,125.93
Limosa,Limosa vanrossemi,9.433,9.433
Gavia,Gavia immer,0.00585,1.29985
Martinavis,Martinavis saltariensis,68.3,68.3
Palaeospheniscus,Palaeospheniscus gracilis,18.205000000000002,18.205000000000002
Plotornis,Plotornis graculoides,19.5,19.5
Dunhuangia,Dunhuangia cuii,119.0,119.0
Phoenicopterus,Phoenicopterus stocki,7.6000000000000005,7.6000000000000005
Alca,Alca grandis,3.9605,14.785
Larus,Larus argentatus,1.29985,4.4665
Pelagornis,Pelagornis mauretanicus,3.0940000000000003,3.0940000000000003
Tympanuchus,Tympanuchus lulli,1.29985,1.29985
Perisoreus,Perisoreus canadensis,0.06885,1.05
Otus,Otus providentiae,1.29985,1.29985
Gymnogyps,Gymnogyps kofordi,1.05,1.05
Fulica,Fulica podagrica,0.063,0.063
Tringa,Tringa ameghini,0.06885,0.06885
Abavornis,Abavornis bonaparti,83.25,83.25
Pelecanus,Pelecanus tirarensis,0.00585,20.003999999999998
Gygis,Gygis alba,0.00585,1.29985
Coturnix,Coturnix novaezelandiae,0.00585,0.06885
Aquila,Aquila pliogryps,1.29985,1.29985
Jiliniornis,Jiliniornis huadianensis,44.55,44.55
Protocitta,Protocitta ajax,3.35,3.35
Neuquenornis,Neuquenornis volans,84.94999999999999,84.94999999999999
Scopelortyx,Scopelortyx klinghardtensis,39.65,39.65
Pelagornis,Pelagornis sandersi,25.565,25.565
Hoazinoides,Hoazinoides magdalenae,8.470500000000001,8.470500000000001
Phalacrocorax,Phalacrocorax pelagicus,0.00585,1.29985
Gigantornis,Gigantornis eaglesomei,39.65,39.65
Jacana,Jacana spinosa,0.06885,0.156
Butorides,Butorides validipes,3.35,3.35
Larus,Larus perpetuus,3.0940000000000003,3.0940000000000003
Cyrtonyx,Cyrtonyx tedfordi,14.785,14.785
Cerebavis,Cerebavis cenomanica,96.55,96.55
Kuiornis,Kuiornis indicator,17.45,17.45
Ptaiochen,Ptaiochen pau,0.00585,0.00585
Archaeospheniscus,Archaeospheniscus lowei,26.25,26.25
Tshulia,Tshulia litorea,57.25,57.25
Branta,Branta hypsibata,0.06885,0.06885
Jinzhouornis,Jinzhouornis zhangjiyingia,126.22999999999999,126.22999999999999
Puffinus,Puffinus micraulax,14.1815,14.1815
Struthio,Struthio camelus,0.00585,1.29985
Sula,Sula dactylatra,0.00585,1.29985
Agelaius,Agelaius phoeniceus,0.06885,3.35
Charadrius,Charadrius vociferus,0.06885,1.29985
Hesperornis,Hesperornis rossicus,77.05,77.85
Turdus,Turdus migratorius,0.063,0.06885
Neilus,Neilus sansomae,17.45,17.45
Palaeotis,Palaeotis weigelti,44.55,44.55
Crossvallia,Crossvallia unienwillia,57.25,57.25
Divisulcus,Divisulcus demerei,14.895,14.895
Rupelramphastoides,Rupelramphastoides knopfi,31.0,31.0
Mergus,Mergus serrator,0.00585,4.4665
Pliogyps,Pliogyps fisheri,3.35,3.35
Anas,Anas discors,0.06885,4.4665
Columba,Columba livia,0.063,3.9605
Sula,Sula pohli,13.789000000000001,13.789000000000001
Querquedula,Querquedula floridiana,0.06885,0.06885
Micropalama,Micropalama chapmani,0.06885,0.06885
Eudocimus,Eudocimus leiseyi,1.05,1.05
Tympanonesiotes,Tympanonesiotes wetmorei,19.5,19.5
Alca,Alca olsoni,4.4665,4.4665
Ardea,Ardea polkensis,7.6000000000000005,14.785
Lavocatavis,Lavocatavis africana,48.65,48.65
Dromornis,Dromornis stirtoni,14.1815,14.1815
Synthliboramphus,Synthliboramphus antiquus,0.00585,1.29985
Rallus,Rallus philippensis,0.00585,0.4535
Buteo,Buteo swainsoni,0.06885,0.06885
Brodavis,Brodavis mongoliensis,69.05,69.05
Melanitta,Melanitta fusca,0.00585,1.29985
Protopteryx,Protopteryx fengningensis,126.22999999999999,127.2
Gallinula,Gallinula mortierii,0.00585,1.29985
Lithornis,Lithornis celetius,59.25,59.25
Pelecanus,Pelecanus erythrorhynchos,0.06885,1.05
Confuciusornis,Confuciusornis chuonzhous,126.22999999999999,126.22999999999999
Anas,Anas gracilipes,0.06885,0.06885
Ogygoptynx,Ogygoptynx wetmorei,59.25,59.25
Nuntius,Nuntius solitarius,0.06885,0.06885
Bartramia,Bartramia longicauda,0.06885,1.29985
Rhea,Rhea americana,0.00585,0.06885
Vastanavis,Vastanavis eocaena,51.9,51.9
Cerorhinca,Cerorhinca reai,3.0940000000000003,3.35
Bubo,Bubo sinclairi,0.063,0.06885
Cladornis,Cladornis pachypus,28.465,28.465
Junco,Junco hyemalis,0.06885,3.35
Puffinus,Puffinus gilmorei,3.35,3.35
Uintornis,Uintornis lucaris,42.900000000000006,42.900000000000006
Grus,Grus americana,0.06885,4.4665
Pelecanus,Pelecanus halieus,3.0940000000000003,3.0940000000000003
Thegornis,Thegornis debilis,19.5,19.5
Goliathia,Goliathia andrewsi,31.0,31.0
Paranyroca,Paranyroca magna,18.2,18.2
Pullornipes,Pullornipes aureus,141.85000000000002,141.85000000000002
Juehuaornis,Juehuaornis zhangi,119.0,119.0
Mancalla,Mancalla diegense,3.0940000000000003,4.4665
Rhea,Rhea subpampeana,14.1815,14.1815
Euryapteryx,Euryapteryx geranoides,0.063,1.294
Melanitta,Melanitta perspicillata,0.06885,4.4665
Australornis,Australornis lovei,60.400000000000006,60.400000000000006
Dakotornis,Dakotornis cooperi,59.25,59.25
Eocathayornis,Eocathayornis walkeri,119.0,119.0
Nelepsittacus,Nelepsittacus daphneleeae,17.45,17.45
Namapsitta,Namapsitta praeruptorum,39.65,39.65
Strix,Strix dakota,18.2,18.2
Pseudospheniscus,Pseudospheniscus concavus,19.5,19.5
Chelychelynechen,Chelychelynechen quassus,0.00585,0.00585
Anhinga,Anhinga anhinga,0.06885,1.29985
Mycteria,Mycteria wetmorei,0.06885,0.06885
Puffinus,Puffinus gravis,4.4665,12.719999999999999
Paractiornis,Paractiornis perpusillus,22.615000000000002,22.615000000000002
Gallirallus,Gallirallus australis,0.00585,1.294
Cacatua,Cacatua tenuirostris,0.00585,0.00585
Paraprotopteryx,Paraprotopteryx gracilis,126.22999999999999,126.22999999999999
Branta,Branta bernicla,0.06885,4.4665
Psilopterus,Psilopterus lemoinei,13.789000000000001,19.5
Sarjeantopodus,Sarjeantopodus semipalmatus,68.3,68.3
Aethia,Aethia barnesi,4.4665,4.4665
Protostrix,Protostrix saurodosis,48.25,48.25
Anas,Anas sanctaehelenae,0.06885,0.06885
Eurofluvioviridavis,Eurofluvioviridavis robustipes,44.5,44.5
Rissa,Rissa estesi,3.35,3.35
Manuherikia,Manuherikia douglasi,17.45,17.45
Empheresula,Empheresula arvernensis,21.735,25.565
Palaeospheniscus,Palaeospheniscus huxleyorum,4.4665,4.4665
Concornis,Concornis lacustris,127.725,127.725
Icadyptes,Icadyptes salasi,35.95,35.95
Actitis,Actitis macularia,0.06885,3.35
Limenavis,Limenavis patagonica,74.75,74.75
Sterna,Sterna fuscata,0.00585,1.29985
Manuherikia,Manuherikia lacustrina,17.45,17.45
Brodavis,Brodavis baileyi,69.05,69.05
Gallinula,Gallinula brodkorbi,0.06885,0.06885
Gradiornis,Gradiornis walbeckensis,60.400000000000006,60.400000000000006
Leptoptilos,Leptoptilos robustus,0.06885,0.06885
Vorona,Vorona berivotrensis,69.05,69.05
Apsaravis,Apsaravis ukhaana,77.85,77.85
Zonotrichia,Zonotrichia albicollis,0.06885,1.05
Buteo,Buteo jamaicensis,0.063,4.4665
Holbotia,Holbotia ponomarenkoi,122.95,122.95
Tympanuchus,Tympanuchus cupido,0.06885,0.06885
Eutreptodactylus,Eutreptodactylus itaboraiensis,53.650000000000006,53.650000000000006
Bathornis,Bathornis veredus,35.55,35.55
Rallus,Rallus recessus,0.06885,0.06885
Phalacrocorax,Phalacrocorax brasilianus,0.3965,0.3965
Aegialornis,Aegialornis gallicus,39.65,39.65
Querquedula,Querquedula pullulans,11.95,11.95
Aix,Aix sponsa,0.06885,3.35
Baptornis,Baptornis advenus,86.69999999999999,88.05
Falco,Falco mexicanus,0.063,0.06885
Uintornis,Uintornis marionae,42.900000000000006,42.900000000000006
Enaliornis,Enaliornis barretti,102.44999999999999,102.44999999999999
Tonniornis,Tonniornis mesetaensis,35.95,35.95
Belgirallus,Belgirallus oligocaenus,31.0,31.15
Jianchangornis,Jianchangornis microdonta,123.955,123.955
Phaethon,Phaethon aethereus,0.00585,0.00585
Gypaetus,Gypaetus barbatus,1.29985,1.29985
Dendrocygna,Dendrocygna arborea,0.063,0.063
Hesperornis,Hesperornis montana,77.05,77.05
Gymnogyps,Gymnogyps howardae,0.06885,0.06885
Zhouornis,Zhouornis hani,119.0,119.0
Pterodroma,Pterodroma jugabilis,0.06885,0.06885
Aquila,Aquila bivia,3.35,3.35
Ixobrychus,Ixobrychus exilis,0.156,3.35
Turnagra,Turnagra capensis,0.063,0.06885
Megadyptes,Megadyptes waitaha,0.00585,0.00585
Jacana,Jacana farrandi,7.6000000000000005,7.6000000000000005
Noguerornis,Noguerornis gonzalezi,127.2,127.2
Oceanites,Oceanites zaloscarthmus,4.4665,4.4665
Aptornis,Aptornis proasciarostratus,17.45,17.45
Promilio,Promilio efferus,22.615000000000002,22.615000000000002
Presbychen,Presbychen abavus,8.470500000000001,14.895
Asio,Asio priscus,0.06885,0.06885
Ephippiorhynchus,Ephippiorhynchus asiaticus,1.29985,1.29985
Promilio,Promilio brodkorbi,18.2,18.2
Litoripes,Litoripes medius,44.55,44.55
Morus,Morus vagabundus,14.895,14.895
Otus,Otus asio,0.063,3.35
Palaeeudyptes,Palaeeudyptes gunnari,35.95,51.9
Jiuquanornis,Jiuquanornis niui,119.0,119.0
Vultur,Vultur gryphus,0.06885,1.6845
Aegolius,Aegolius gradyi,0.06885,0.06885
Presbyornis,Presbyornis pervetus,44.95,44.95
Geranopterus,Geranopterus milneedwardsi,35.55,35.55
Bonasa,Bonasa umbellus,0.063,1.05
Incolornis,Incolornis silvae,83.25,83.25
Torotix,Torotix clemensi,68.3,68.3
Avisaurus,Avisaurus archibaldi,68.3,68.3
Accipiter,Accipiter nisus,0.06885,1.29985
Parahongshanornis,Parahongshanornis chaoyangensis,119.0,119.0
Alle,Alle alle,0.00585,1.29985
Zonotrichia,Zonotrichia leucophrys,0.06885,3.35
Anthochaera,Anthochaera carunculata,0.00585,0.00585
Pelecanus,Pelecanus proavus,0.00585,0.06885
Vegavis,Vegavis iaai,68.3,68.3
Palaeoborus,Palaeoborus rosatus,18.2,18.2
Uria,Uria affinis,1.29985,1.29985
Cremaster,Cremaster tytthus,0.06885,0.06885
Primobucco,Primobucco frugilegus,44.5,44.5
Nycticorax,Nycticorax fidens,7.6000000000000005,7.6000000000000005
Eurotrochilus,Eurotrochilus inexpectatus,31.0,31.0
