Domnina,Domnina greeni,25.615000000000002,25.615000000000002
Anatolechinos,Anatolechinos neimongolensis,31.15,35.55
Canis,Canis lepophagus,0.06885,7.6000000000000005
Nyctereutes,Nyctereutes procyonoides,0.06885,1.294
Quercygale,Quercygale hastingsae,35.55,35.55
Proteles,Proteles cristatus,1.29985,1.29985
Felis,Felis silvestris,0.00585,3.0940000000000003
Trigonictis,Trigonictis cookii,1.05,3.35
Bassaricyonoides,Bassaricyonoides phyllismillerae,18.2,18.2
Psalidocyon,Psalidocyon marianae,14.785,18.2
Potamops,Potamops mascahehenes,12.8,12.8
Prophoca,Prophoca rousseaui,1.29985,17.130000000000003
Chasmaporthetes,Chasmaporthetes ossifragus,1.05,3.35
Miracinonyx,Miracinonyx inexpectatus,0.06885,3.35
Leptocyon,Leptocyon mollis,25.615000000000002,25.615000000000002
Pekania,Pekania occulta,7.6000000000000005,7.6000000000000005
Mesocyon,Mesocyon coryphaeus,25.615000000000002,25.615000000000002
Imagotaria,Imagotaria downsi,3.9605,11.95
Notiosorex,Notiosorex jacksoni,1.05,3.35
Osbornodon,Osbornodon sesnoni,25.615000000000002,32.05
Gomphotaria,Gomphotaria pugnax,6.2895,6.2895
Sorex,Sorex hoyi,0.063,1.29985
Amphicyon,Amphicyon major,10.154,19.5
Vulpavus,Vulpavus canavus,48.25,53.05
Ursus,Ursus thibetanus,0.06885,1.6845
Ingentisorex,Ingentisorex tumididens,14.785,14.785
Nimravides,Nimravides thinobates,7.6000000000000005,14.1815
Megantereon,Megantereon eurynodon,1.29985,2.6723500000000002
Phoca,Phoca caspica,0.00585,0.00585
Apternodus,Apternodus brevirostris,35.55,35.55
Viverra,Viverra zibetha,0.06885,0.4535
Rhinolophus,Rhinolophus grivensis,1.29985,18.205000000000002
Plagioctenodon,Plagioctenodon dormaalensis,52.2,53.05
Domnina,Domnina sagittariensis,35.55,35.55
Intyrictis,Intyrictis vanvaleni,60.05,62.5
Sivaonyx,Sivaonyx soriae,6.2895,6.2895
Cynarctus,Cynarctus wangi,14.785,14.785
Arctonasua,Arctonasua gracilis,14.785,14.785
Iconapternodus,Iconapternodus qii,42.900000000000006,42.900000000000006
Amphictis,Amphictis borbonica,21.2,22.715
Enhydra,Enhydra macrodonta,0.156,1.05
Atopotarus,Atopotarus courseni,17.015,17.015
Deinsdorfia,Deinsdorfia kerkhoffi,7.0165,7.0165
Limaconyssus,Limaconyssus habrus,56.3,56.3
Desmodus,Desmodus stocki,0.06885,0.156
Paraenhydrocyon,Paraenhydrocyon robustus,22.615000000000002,22.615000000000002
Sorex,Sorex pseudoalpinus,3.7,8.470500000000001
Afrophoca,Afrophoca libyca,17.130000000000003,17.130000000000003
Miocrocidosorex,Miocrocidosorex zazhigini,19.5,19.5
Jaegeria,Jaegeria cambayensis,51.9,51.9
Zaraalestes,Zaraalestes russelli,42.900000000000006,42.900000000000006
Herpestides,Herpestides aegypticus,19.5,19.5
Angustidens,Angustidens excultus,10.399999999999999,10.399999999999999
Mionictis,Mionictis elegans,18.2,18.2
Lobodon,Lobodon carcinophaga,0.00585,1.29985
Palaeogale,Palaeogale praehyaenoides,21.2,21.2
Daphoenus,Daphoenus ruber,25.615000000000002,25.615000000000002
Potamonycteris,Potamonycteris biperforatus,14.785,14.785
Felis,Felis platensis,1.29985,1.6845
Eusmilus,Eusmilus sicarius,33.599999999999994,35.25
Zelceina,Zelceina podlesicensis,4.550000000000001,4.550000000000001
Paenelimnoecus,Paenelimnoecus repenningi,7.0165,10.399999999999999
Sorex,Sorex palustris,0.00585,3.35
Ischyrocyon,Ischyrocyon gidleyi,8.470500000000001,14.1815
Viverravus,Viverravus gracilis,48.25,53.05
Gracilocyon,Gracilocyon solei,51.9,52.2
Pristinictis,Pristinictis connata,59.25,59.25
Pachyphoca,Pachyphoca ukrainica,9.433,12.719999999999999
Soricolestes,Soricolestes soricavus,42.900000000000006,42.900000000000006
Ursavus,Ursavus elmensis,14.81,18.205000000000002
Phlaocyon,Phlaocyon multicuspus,22.615000000000002,22.615000000000002
Spilogale,Spilogale putorius,0.00585,3.35
Paraenhydrocyon,Paraenhydrocyon josephi,22.615000000000002,25.615000000000002
Melaniella,Melaniella timosa,59.25,59.25
Chainodus,Chainodus intercedens,14.81,18.45
Enhydra,Enhydra reevei,2.1905,2.197
Amphimachairodus,Amphimachairodus giganteus,7.0165,8.470500000000001
Ictonyx,Ictonyx striatus,0.00585,1.29985
Myotis,Myotis keenii,0.06885,1.29985
Mionictis,Mionictis angustidens,11.95,11.95
Diamantofelis,Diamantofelis minor,17.319000000000003,17.319000000000003
Hipposideros,Hipposideros morloti,31.15,35.95
Machairodus,Machairodus irtyschensis,3.9605,3.9605
Anictis,Anictis simplicidens,31.15,31.15
Pontophoca,Pontophoca jutlandica,9.433,9.433
Soriculus,Soriculus kubinyi,4.550000000000001,4.550000000000001
Icaronycteris,Icaronycteris menui,51.9,51.9
Puma,Puma concolor,0.00585,3.35
Urocyon,Urocyon cinereoargenteus,0.00585,3.35
Phlaocyon,Phlaocyon leucosteus,18.2,22.615000000000002
Cynelos,Cynelos sinapius,14.1815,18.2
Parictis,Parictis personi,35.55,35.55
Raphictis,Raphictis gausion,59.25,59.25
Paguma,Paguma larvata,0.06885,1.294
Scraeva,Scraeva hatherwoodensis,35.55,35.55
Phlaocyon,Phlaocyon achoros,22.615000000000002,22.615000000000002
Arctonasua,Arctonasua eurybates,7.6000000000000005,7.6000000000000005
Tachypteron,Tachypteron franzeni,44.5,44.5
Proscalops,Proscalops secundus,18.2,25.615000000000002
Miocyon,Miocyon vallisrubrae,43.3,43.3
Ceutholestes,Ceutholestes dolosus,56.3,56.3
Ravenictis,Ravenictis krausei,64.65,64.65
Martes,Martes (Tomictis) gazini,14.785,14.785
Panthera,Panthera pardus,0.00585,3.9605
Paenesorex,Paenesorex bicuspis,11.925,11.925
Canis,Canis edwardii,1.05,14.1815
Palaeogale,Palaeogale dorothiae,25.615000000000002,28.55
Homotherium,Homotherium venezuelensis,1.357,1.357
Ulmensia,Ulmensia antecedens,25.715,25.715
Megaderma,Megaderma lugdunensis,13.2,13.2
Allodesmus,Allodesmus kelloggi,12.719999999999999,12.719999999999999
Valenictus,Valenictus imperialensis,4.4665,6.2895
Acrophoca,Acrophoca longirostris,6.2895,9.433
Eppsinycteris,Eppsinycteris anglica,51.9,51.9
Phocanella,Phocanella pumila,3.0940000000000003,12.809000000000001
Simpsonictis,Simpsonictis jaynanneae,62.5,62.5
Plesictis,Plesictis mayri,21.2,22.715
Palaeanodon,Palaeanodon nievelti,52.2,53.05
Allohyaena,Allohyaena kadici,8.225,8.225
Plesiosorex,Plesiosorex germanicus,14.36,16.435
Barbourofelis,Barbourofelis whitfordi,11.95,11.95
Metatomarctus,Metatomarctus canavus,14.1815,18.2
Alagtsavbaatar,Alagtsavbaatar indigenus,35.55,35.55
Plesiosorex,Plesiosorex soricinoides,21.2,21.2
Temnocyon,Temnocyon typicus,25.615000000000002,25.615000000000002
Buisnictis,Buisnictis metabatos,3.35,3.35
Pseudotrimylus,Pseudotrimylus blacki,18.2,18.2
Pratifelis,Pratifelis martini,7.6000000000000005,7.6000000000000005
Phlaocyon,Phlaocyon yatkolai,18.2,18.2
Pseudocordylodon,Pseudocordylodon vireti,21.2,25.715
Leptarctus,Leptarctus martini,14.785,14.785
Zodiolestes,Zodiolestes daimonelixensis,22.615000000000002,22.615000000000002
Pagophilus,Pagophilus groenlandica,0.00585,1.6845
Miophyllorhina,Miophyllorhina riversleighensis,14.1815,14.1815
Arctodus,Arctodus pristinus,0.06885,3.35
Mustela,Mustela vison,0.00585,1.05
Protocyon,Protocyon orcesi,0.39635000000000004,0.39635000000000004
Hoplophoneus,Hoplophoneus strigidens,32.05,32.05
Ursus,Ursus malayanus,0.06885,0.4535
Angustidens,Angustidens vireti,14.785,18.2
Micropternodus,Micropternodus morgani,25.615000000000002,25.615000000000002
Hipposideros,Hipposideros (Pseudorhinolophus) bouziguensis,18.205000000000002,18.205000000000002
Plesiosorex,Plesiosorex evolutus,9.2,10.399999999999999
Exoedaenodus,Exoedaenodus schaubi,25.715,25.715
Paludolutra,Paludolutra maremmana,7.0165,7.0165
Vulpes,Vulpes mathisoni,4.4665,4.4665
Carpocyon,Carpocyon robustus,11.95,14.1815
Sivaonyx,Sivaonyx hessicus,8.470500000000001,8.470500000000001
Sorex,Sorex taylori,3.35,3.35
Sororocyon,Sororocyon usmanii,51.9,51.9
Proscalops,Proscalops miocaenus,28.55,33.599999999999994
Megantereon,Megantereon nihowanensis,1.29985,1.29985
Leptocyon,Leptocyon tejonensis,11.95,11.95
Protictis,Protictis paralus,59.25,59.25
Adelphailurus,Adelphailurus kansensis,7.6000000000000005,7.6000000000000005
Domnina,Domnina thompsoni,35.55,37.15
Stenoplesictis,Stenoplesictis crocheti,25.715,25.715
Arctonasua,Arctonasua minima,14.785,14.785
Praolestes,Praolestes nanus,57.25,57.25
Pliocrocuta,Pliocrocuta perrieri,0.4535,3.9605
Amblycoptus,Amblycoptus jessiae,7.0165,7.0165
Patriofelis,Patriofelis ulta,48.25,48.25
Dipsalodon,Dipsalodon churchillorum,56.3,59.25
Broiliana,Broiliana nobilis,14.895,14.895
Myotis,Myotis murinoides,11.925,11.925
Uintacyon,Uintacyon acutus,43.3,43.3
Pseudaelurus,Pseudaelurus turnauensis,12.375,19.5
Aelurodon,Aelurodon asthenostylus,14.785,18.2
Enaliarctos,Enaliarctos tedfordi,25.565,25.565
Turkodimylus,Turkodimylus sondaari,18.45,18.45
Mustelavus,Mustelavus priscus,35.55,35.55
Noctilio,Noctilio albiventris,0.00585,15.9
Africanictis,Africanictis meini,17.319000000000003,17.319000000000003
Apternodus,Apternodus dasophylakas,35.25,35.25
Gulo,Gulo gulo,0.063,1.6845
Cryptotis,Cryptotis kansasensis,3.35,3.35
Edzenius,Edzenius lus,52.2,52.2
Enaliarctos,Enaliarctos barnesi,18.2,18.2
Mesocyon,Mesocyon temnodon,22.615000000000002,33.599999999999994
Pseudotrimylus,Pseudotrimylus mawbyi,14.1815,14.785
Suricata,Suricata suricatta,0.06885,1.6845
Viverriscus,Viverriscus omnivorus,53.05,53.05
Koniaryctes,Koniaryctes paulus,53.05,53.05
Neofelis,Neofelis nebulosa,0.06885,0.06885
Hipposideros,Hipposideros (Brachipposideros) dechaseauxi,18.205000000000002,18.205000000000002
Ailuropoda,Ailuropoda baconi,1.29985,1.29985
Metalopex,Metalopex merriami,7.6000000000000005,14.1815
Gobiohyus,Gobiohyus robustus,42.900000000000006,42.900000000000006
Pinnarctidion,Pinnarctidion bishopi,21.735,21.735
Megantereon,Megantereon cultridens,1.29985,3.9605
Metacheiromys,Metacheiromys marshi,48.25,48.25
Crusafontina,Crusafontina kormosi,8.225,8.225
Archaeocyon,Archaeocyon pavidus,25.615000000000002,32.05
Procyon,Procyon lotor,0.00585,3.35
Temnocyon,Temnocyon fingeruti,25.615000000000002,25.615000000000002
Megantereon,Megantereon hesperus,3.35,7.6000000000000005
Ageina,Ageina tobieni,51.9,53.05
Karstala,Karstala silva,18.2,18.2
Plagioctenodon,Plagioctenodon savagei,53.05,53.05
Tapocyon,Tapocyon dawsonae,43.3,43.3
Onychonycteris,Onychonycteris finneyi,53.05,53.05
Parailurus,Parailurus anglicus,2.197,3.9605
Palaeogale,Palaeogale sectoria,18.2,35.55
Miocyon,Miocyon scotti,43.3,43.3
Taatsiinia,Taatsiinia hoeckorum,31.15,31.15
Otaria,Otaria byronia,0.00585,0.06885
Mesocyon,Mesocyon brachyops,25.615000000000002,25.615000000000002
Auroratherium,Auroratherium sinense,52.2,52.2
Hyaena,Hyaena abronia,3.0940000000000003,4.917
Limnoecus,Limnoecus tricuspis,11.95,14.785
Dinictis,Dinictis cyclops,25.615000000000002,25.615000000000002
Pliogale,Pliogale furlongi,7.6000000000000005,7.6000000000000005
Histriophoca,Histriophoca alekseevi,12.154,12.154
Neotherium,Neotherium mirum,14.895,14.895
Primonatalus,Primonatalus prattae,18.2,18.2
Diacocherus,Diacocherus minutus,56.3,59.25
Cynarctus,Cynarctus crucidens,8.470500000000001,14.1815
Thalassoleon,Thalassoleon mexicanus,4.4665,6.2895
Urocyon,Urocyon minicephalus,1.05,1.05
Mionictis,Mionictis dubia,9.433,13.795
Africanictis,Africanictis schmidtkittleri,19.5,19.5
Mellivora,Mellivora capensis,0.00585,12.809000000000001
Lynx,Lynx rufus,0.00585,3.35
Talpilestes,Talpilestes asiatica,52.2,52.2
Apternodus,Apternodus iliffensis,35.55,38.8
Lunanosorex,Lunanosorex lii,4.4665,4.4665
Plesiosorex,Plesiosorex greeni,14.785,14.785
Nesolutra,Nesolutra euxena,1.29985,1.29985
Cynelos,Cynelos malasi,25.615000000000002,25.615000000000002
Chainodus,Chainodus sulcatus,21.2,21.2
Nimravides,Nimravides pedionomus,11.95,11.95
Leopardus,Leopardus wiedii,0.00585,0.906
Borophagus,Borophagus dudleyi,4.4665,4.4665
Cryptoryctes,Cryptoryctes kayi,35.55,35.55
Eucyon,Eucyon davisi,3.35,14.1815
Daphoenodon,Daphoenodon falkenbachi,22.615000000000002,25.615000000000002
Pseudaelurus,Pseudaelurus marshi,14.1815,14.785
Chrysocyon,Chrysocyon nearcticus,3.35,3.35
Indarctos,Indarctos atticus,7.0165,7.0165
Cerdocyon,Cerdocyon thous,0.00585,0.063
Martinogale,Martinogale chisoensis,7.6000000000000005,7.6000000000000005
Dinosorex,Dinosorex engesseri,9.2,10.399999999999999
Nyctereutes,Nyctereutes abdeslami,3.0940000000000003,3.0940000000000003
Plesiodimylus,Plesiodimylus bavaricus,14.81,14.81
Cynarctus,Cynarctus galushai,14.785,14.785
Pontolis,Pontolis magnus,6.2895,11.95
Vaylatsia,Vaylatsia prisca,31.0,32.8
Cynarctus,Cynarctus marylandica,14.895,18.205000000000002
Callorhinus,Callorhinus ursinus,0.00585,1.6845
Tupaiodon,Tupaiodon morrisi,31.15,31.15
Mystacina,Mystacina miocenalis,17.45,17.45
Vulpes,Vulpes vulpes,0.00585,2.894
Riversleigha,Riversleigha williamsi,14.1815,19.5
Pliocyon,Pliocyon robustus,14.1815,14.1815
Tavoonyia,Tavoonyia altaica,25.715,25.715
Alopex,Alopex lagopus,0.00585,1.05
Hemicyon,Hemicyon barbouri,11.95,11.95
Ichneumia,Ichneumia nims,3.0940000000000003,3.0940000000000003
Ambloctonus,Ambloctonus sinosus,53.05,53.05
Canis,Canis dirus,0.06885,1.6845
Caedocyon,Caedocyon tedfordi,25.615000000000002,25.615000000000002
Agriotherium,Agriotherium schneideri,3.35,12.719999999999999
Ectopocynus,Ectopocynus intermedius,25.615000000000002,25.615000000000002
Machocyon,Machocyon abbasi,51.9,51.9
Lutra,Lutra affinis,3.9605,7.0165
Percrocuta,Percrocuta primordialis,12.719999999999999,12.719999999999999
Maofelis,Maofelis cantonensis,35.55,35.55
Parapotos,Parapotos tedfordi,14.785,14.785
Histriophoca,Histriophoca fasciata,0.00585,0.06885
Histiotus,Histiotus stocki,3.35,3.35
Sivaonyx,Sivaonyx hendeyi,12.809000000000001,12.809000000000001
Leptonychotes,Leptonychotes weddelli,0.00585,0.00585
Cerdocyon,Cerdocyon texanus,3.35,7.6000000000000005
Bassariscus,Bassariscus minimus,14.785,14.785
Ichneumia,Ichneumia albicauda,0.00585,1.29985
Microtomarctus,Microtomarctus conferta,14.1815,18.2
Megalictis,Megalictis petersoni,22.615000000000002,22.615000000000002
Crusafontina,Crusafontina endemica,9.2,10.399999999999999
Arctonasua,Arctonasua fricki,7.6000000000000005,7.6000000000000005
Leptarctus,Leptarctus ancipidens,14.785,18.2
Brachyrhynchocyon,Brachyrhynchocyon dodgei,35.55,35.55
Manis,Manis (Smutsia) gigantea,3.9605,4.4665
Paradaphoenus,Paradaphoenus tooheyi,25.615000000000002,32.05
Palaearctonyx,Palaearctonyx meadi,48.25,48.25
Xenacodon,Xenacodon mutilatus,59.25,59.25
Rhinolophus,Rhinolophus euryale,0.4535,3.9605
Pseudotrimylus,Pseudotrimylus compressus,33.599999999999994,33.599999999999994
Eosoricodon,Eosoricodon terrigena,52.2,52.2
Felis,Felis lacustris,3.35,3.35
Archaeocyon,Archaeocyon leptodus,25.615000000000002,32.05
Chamitaxus,Chamitaxus avitus,7.6000000000000005,7.6000000000000005
Fossa,Fossa fossana,0.00585,0.00585
Prosansanosmilus,Prosansanosmilus peregrinus,16.435,16.435
Miocyon,Miocyon magnus,38.8,38.8
Vulpavus,Vulpavus australis,48.25,53.05
Cordylodon,Cordylodon haslachensis,21.735,21.735
Srinitium,Srinitium marteli,31.15,31.15
Epicyon,Epicyon saevus,7.6000000000000005,14.785
Plagioctenoides,Plagioctenoides tombowni,52.2,52.2
Lutra,Lutra trinacriae,1.29985,1.29985
Icaronycteris,Icaronycteris index,53.05,53.05
Legionarictis,Legionarictis fortidens,14.785,14.785
Antesorex,Antesorex wilsoni,14.785,14.785
Miosorex,Miosorex pusilliformis,16.435,16.435
Leptoplesictis,Leptoplesictis senutae,19.5,19.5
Osbornodon,Osbornodon fricki,14.785,18.2
Desmocyon,Desmocyon thomsoni,14.1815,25.615000000000002
Tadarida,Tadarida leptognatha,13.2,13.2
Phlaocyon,Phlaocyon minor,18.2,25.615000000000002
Martinogale,Martinogale faulli,8.470500000000001,8.470500000000001
Raoella,Raoella dograi,41.25,41.25
Homotherium,Homotherium idahoensis,3.35,3.35
Acheronictis,Acheronictis webbi,25.615000000000002,25.615000000000002
Martes,Martes stirtoni,11.95,11.95
Mustela,Mustela altaica,1.6845,1.6845
Brachyallodesmus,Brachyallodesmus packardi,13.795,13.795
Prionailurus,Prionailurus bengalensis,1.6845,1.6845
Paludolutra,Paludolutra lluecai,3.9605,7.0165
Talpavoides,Talpavoides dartoni,53.05,59.25
Archerops,Archerops annectens,13.789000000000001,13.789000000000001
Agriotherium,Agriotherium sivalensis,4.4665,4.4665
Ysengrinia,Ysengrinia ginsburgi,17.319000000000003,17.319000000000003
Machairodus,Machairodus catocopis,7.6000000000000005,7.6000000000000005
Canis,Canis aureus,0.00585,3.0940000000000003
Neomonachus,Neomonachus tropicalis,0.00585,1.294
Saturninia,Saturninia gracilis,31.15,35.95
Neomonachus,Neomonachus schauinslandi,0.00585,0.00585
Mionictis,Mionictis letifer,18.2,18.2
Hesperocyon,Hesperocyon gregarius,32.05,38.8
Gobisorex,Gobisorex akhmetievi,25.715,25.715
Paleptesicus,Paleptesicus priscus,13.2,13.2
Sardolutra,Sardolutra ichnusae,1.294,1.294
Leptocyon,Leptocyon delicatus,25.615000000000002,25.615000000000002
Dusicyon,Dusicyon avus,0.06885,0.3965
Smilodon,Smilodon populator,0.00585,1.6845
Anchiblarinella,Anchiblarinella wakeeneyensis,11.95,11.95
Leptoplesictis,Leptoplesictis namibiensis,19.5,19.5
Metalopex,Metalopex macconnelli,11.95,14.1815
Paradoxurus,Paradoxurus hermaphroditus,0.4535,0.4535
Oxyaena,Oxyaena lupina,53.05,53.05
Sorex,Sorex ertemteensis,4.4665,8.470500000000001
Ectopocynus,Ectopocynus simplicidens,18.2,18.2
Plesiosorex,Plesiosorex latidens,11.95,11.95
Felis,Felis obscura,3.0940000000000003,4.917
Ursavus,Ursavus brevirhinus,10.399999999999999,18.2
Cynarctoides,Cynarctoides gawnae,14.1815,18.2
Archaeonycteris,Archaeonycteris storchi,51.9,51.9
Heterosorex,Heterosorex wangi,7.0165,7.0165
Parahyaena,Parahyaena brunnea,0.00585,12.809000000000001
Prohesperocyon,Prohesperocyon wilsoni,35.55,35.55
Microchiropteryx,Microchiropteryx folieae,51.9,51.9
Viverravus,Viverravus politus,52.2,59.25
Patriofelis,Patriofelis ferox,43.3,48.25
Sorex,Sorex araneus,0.06885,1.6845
Mesoscalops,Mesoscalops montanensis,17.015,17.015
Canis,Canis familiaris,0.00585,1.294
Cynarctus,Cynarctus voorhiesi,11.95,11.95
Wilsonosorex,Wilsonosorex conulatus,18.2,18.2
Gracilocyon,Gracilocyon igniculus,53.05,53.05
Sorex,Sorex cudahyensis,1.05,1.05
Neophoca,Neophoca cinerea,0.00585,0.06885
Uintacyon,Uintacyon gingerichi,52.2,52.2
Allocyon,Allocyon loganensis,25.615000000000002,32.05
Protemnocyon,Protemnocyon inflatus,33.599999999999994,33.599999999999994
Sivaonyx,Sivaonyx kamuhangirei,3.9605,4.4665
Panthera,Panthera leo,0.00585,3.057
Desmatophoca,Desmatophoca brachycephala,21.735,21.735
Plithocyon,Plithocyon barstowensis,14.785,14.785
Leptarctus,Leptarctus mummorum,11.95,11.95
Diacodon,Diacodon alticuspis,53.05,53.05
Leptocyon,Leptocyon matthewi,9.25,11.95
Mirounga,Mirounga leonina,0.00585,1.29985
Pseudaelurus,Pseudaelurus romieviensis,14.895,16.435
Paratomarctus,Paratomarctus temerarius,9.25,14.895
Enhydrocyon,Enhydrocyon crassidens,22.615000000000002,28.55
Enhydrocyon,Enhydrocyon stenocephalus,25.615000000000002,25.615000000000002
Proailurus,Proailurus lemanensis,21.2,25.715
Limnoecus,Limnoecus niobrarensis,14.1815,14.785
Aelurodon,Aelurodon stirtoni,11.95,14.785
Hecubides,Hecubides euryodon,18.205000000000002,19.5
Dipsalidictis,Dipsalidictis platypus,52.2,56.3
Hecubides,Hecubides macrodon,18.205000000000002,19.5
Dinosorex,Dinosorex anatolicus,18.45,19.5
Otaria,Otaria fischeri,9.433,9.433
Trocharion,Trocharion albanense,12.375,16.435
Enhydriodon,Enhydriodon africanus,3.0940000000000003,12.809000000000001
Amphicyon,Amphicyon giganteus,16.435,17.319000000000003
Palaeanodon,Palaeanodon ignavus,52.2,53.05
Arcticanodon,Arcticanodon dawsonae,53.05,53.05
Bassaricyonoides,Bassaricyonoides stewartae,18.2,18.2
Arctotherium,Arctotherium wingei,0.063,1.6845
Leptocyon,Leptocyon leidyi,14.785,22.615000000000002
Rudiocyon,Rudiocyon amplidens,25.615000000000002,25.615000000000002
Florinia,Florinia stehlini,16.435,18.45
Arctocephalus,Arctocephalus forsteri,0.00585,0.06885
Plecotus,Plecotus rafinesquii,1.05,1.05
Vassacyon,Vassacyon prieuri,57.25,57.25
Apataelurus,Apataelurus kayi,43.3,43.3
Lasiurus,Lasiurus intermedius,0.06885,0.156
Saturninia,Saturninia carbonum,44.95,44.95
Arctomeles,Arctomeles dimolodontus,6.050000000000001,6.050000000000001
Orangictis,Orangictis gariepensis,17.319000000000003,17.319000000000003
Canis,Canis anthus,1.294,1.294
Uintacyon,Uintacyon hookeri,51.9,52.2
Lasionycteris,Lasionycteris noctivagans,0.063,3.35
Megalictis,Megalictis ferox,22.615000000000002,22.615000000000002
Phoca,Phoca largha,0.00585,0.06885
Asiavorator,Asiavorator gracilis,31.15,35.55
Tubulodon,Tubulodon taylori,48.25,48.25
Protocyon,Protocyon tarijensis,1.6845,1.6845
Oxyaena,Oxyaena simpsoni,53.05,53.05
Lartetium,Lartetium petersbuchense,16.435,16.435
Daphoenodon,Daphoenodon (Borocyon) robustum,14.1815,22.615000000000002
Agriotherium,Agriotherium inexpetans,8.470500000000001,8.470500000000001
Petenyiella,Petenyiella zelcea,3.7,3.7
Hoplictis,Hoplictis grangerensis,11.95,14.1815
Miacis,Miacis latidens,48.25,53.05
Daphoenodon,Daphoenodon (Borocyon) niobrarensis,18.2,18.2
Brachyprotoma,Brachyprotoma obtusata,0.063,1.05
Machairodus,Machairodus ischimicus,4.4665,4.4665
Enhydritherium,Enhydritherium terraenovae,4.4665,14.1815
Plagioctenoides,Plagioctenoides microlestes,52.2,53.05
Icaronycteris,Icaronycteris sigei,51.9,51.9
Brachyrhynchocyon,Brachyrhynchocyon montanus,35.55,35.55
Sorex,Sorex vagrans,0.06885,0.06885
Desmocyon,Desmocyon matthewi,18.2,18.2
Tetrapassalus,Tetrapassalus mckennai,48.25,48.25
Oligoscalops,Oligoscalops galbreathi,28.55,35.55
Limnonyx,Limnonyx pontica,8.470500000000001,12.154
Namibictis,Namibictis senuti,17.319000000000003,17.319000000000003
Protictis,Protictis simpsoni,62.5,62.5
Acinonyx,Acinonyx aicha,3.0940000000000003,3.0940000000000003
Smilodon,Smilodon gracilis,0.06885,3.35
Magerictis,Magerictis imperialensis,15.274999999999999,15.274999999999999
Indarctos,Indarctos arctoides,8.470500000000001,9.2
Dinailurictis,Dinailurictis bonali,25.565,31.15
Adelpharctos,Adelpharctos mirus,31.15,31.15
Canis,Canis apolloniensis,1.6845,1.6845
Tephrocyon,Tephrocyon rurestris,14.1815,14.785
Wyonycteris,Wyonycteris richardi,51.9,52.2
Paracynarctus,Paracynarctus sinclairi,14.785,18.2
Sorex,Sorex bor,1.29985,4.550000000000001
Didymictis,Didymictis protenus,52.2,56.3
Cambaya,Cambaya complexus,51.9,51.9
Pseudalopex,Pseudalopex gymnocercus,0.00585,1.6845
Pseudotrimylus,Pseudotrimylus dakotensis,18.2,18.2
Ursavus,Ursavus pawniensis,14.1815,14.1815
Hydrarctos,Hydrarctos lomasiensis,6.2895,6.2895
Atilax,Atilax paludinosus,0.00585,1.29985
Sarkastodon,Sarkastodon henanensis,42.900000000000006,42.900000000000006
Canis,Canis thooides,3.35,3.35
Siamosorex,Siamosorex debonisi,25.715,25.715
Viverravus,Viverravus sicarius,43.3,48.25
Paenepetenyia,Paenepetenyia zhudingi,4.4665,8.470500000000001
Dizzya,Dizzya exsultans,48.65,48.65
Notonycteris,Notonycteris magdalenensis,12.8,15.9
Uintacyon,Uintacyon rudis,51.9,57.25
Euronyctia,Euronyctia saturninensis,35.95,35.95
Eptesicus,Eptesicus fuscus,0.00585,3.35
Machaeroides,Machaeroides simpsoni,48.25,53.05
Didymictis,Didymictis proteus,53.05,59.25
Mustela,Mustela sibirica,0.06885,0.06885
Namasector,Namasector soriae,19.5,19.5
Euoplocyon,Euoplocyon brachygnathus,14.785,18.2
Nimravus,Nimravus intermedius,25.565,35.55
Kordosia,Kordosia topali,3.7,7.0165
Pyctis,Pyctis inamatus,31.15,31.15
Lycaon,Lycaon pictus,0.00585,1.29985
Oligoryctes,Oligoryctes altitalonidus,33.599999999999994,43.3
Cubanycteris,Cubanycteris silvai,0.06885,0.06885
Desmodus,Desmodus draculae,0.063,1.6845
Miacis,Miacis boqinghensis,42.900000000000006,42.900000000000006
Paenelimnoecus,Paenelimnoecus crouzeli,11.925,12.375
Tremarctos,Tremarctos floridanus,0.063,3.35
Micropternodus,Micropternodus montrosensis,35.55,35.55
Lynx,Lynx proterolyncis,7.6000000000000005,7.6000000000000005
Parictis,Parictis major,35.55,35.55
Desmatophoca,Desmatophoca oregonensis,18.205000000000002,18.205000000000002
Tomarctus,Tomarctus hippophaga,14.1815,18.2
Crocuta,Crocuta dbaa,3.0940000000000003,3.0940000000000003
Tytthaena,Tytthaena lichna,56.3,56.3
Phocarctos,Phocarctos hookeri,0.00585,3.9605
Arikarictis,Arikarictis chapini,22.615000000000002,25.615000000000002
Zodiocyon,Zodiocyon zetesios,52.2,52.2
Sorex,Sorex scottensis,1.05,1.05
Diamantofelis,Diamantofelis ferox,17.319000000000003,17.319000000000003
Variviverra,Variviverra vegetatus,52.2,52.2
Myotis,Myotis yumanensis,11.95,11.95
Dimylus,Dimylus paradoxus,21.2,22.715
Aonyx,Aonyx capensis,0.00585,3.9605
Dinofelis,Dinofelis palaeoonca,3.35,3.35
Enaliarctos,Enaliarctos emlongi,17.015,18.2
Parictis,Parictis montanus,35.55,35.55
Wilsonosorex,Wilsonosorex bateslandensis,18.2,18.2
Taxidea,Taxidea taxus,0.063,3.35
Mirounga,Mirounga angustirostris,0.00585,0.156
Amphidozotherium,Amphidozotherium cayluxi,31.15,35.95
Diacodon,Diacodon celatus,53.05,53.05
Australonycteris,Australonycteris clarkae,51.9,51.9
Taxidea,Taxidea mexicana,7.6000000000000005,7.6000000000000005
Pseudaelurus,Pseudaelurus lorteti,12.375,16.435
Kawas,Kawas benegasorum,9.433,9.433
Caracal,Caracal serval,0.00585,3.0940000000000003
Arctotherium,Arctotherium (Pararctotherium) brasiliense,0.063,1.29985
Phoca,Phoca vitulina,0.00585,1.29985
Ailuropoda,Ailuropoda microta,1.6845,3.0940000000000003
Uncia,Uncia mercerii,1.05,1.05
Ursus,Ursus arvernensis,2.894,3.9605
Nasua,Nasua pronarica,3.35,3.35
Bassariscus,Bassariscus antiquus,11.95,18.2
Protictoides,Protictoides aprophatos,43.3,43.3
Otarocyon,Otarocyon cooki,25.615000000000002,28.55
Lutra,Lutra bressana,1.29985,1.29985
Sorex,Sorex arcticus,0.063,1.29985
Promartes,Promartes lepidus,18.2,25.615000000000002
Bryanictis,Bryanictis paulus,62.5,62.5
Chaprongictis,Chaprongictis phetchaburiensis,25.715,25.715
Plesiodimylus,Plesiodimylus helveticus,14.81,16.435
Panthera,Panthera tigris,0.00585,1.6845
Carpocyon,Carpocyon limosus,7.6000000000000005,7.6000000000000005
Pliogale,Pliogale manka,11.95,11.95
Amphictis,Amphictis schlosseri,21.2,22.715
Pappictidops,Pappictidops acies,62.35,62.35
Archaeodobenus,Archaeodobenus akamatsui,9.433,9.433
Canis,Canis latrans,0.00585,3.35
Arctomeles,Arctomeles sotnikovae,4.4665,4.4665
Shanwangia,Shanwangia unexpectata,13.789000000000001,13.789000000000001
Osbornodon,Osbornodon iamonensis,18.2,19.5
Sorex,Sorex lacustris,1.05,1.05
Uncia,Uncia spelea,1.29985,1.29985
Megaderma,Megaderma vireti,6.073,9.2
Myotis,Myotis lucifugus,0.063,1.29985
Saturninia,Saturninia mamertensis,39.65,44.5
Srinitium,Srinitium caeruleum,25.715,25.715
Paracryptotis,Paracryptotis rex,3.35,11.95
Gobiohyus,Gobiohyus reshetovi,42.900000000000006,42.900000000000006
Borophagus,Borophagus pugnator,7.6000000000000005,14.1815
Mustela,Mustela jacksoni,1.6845,1.6845
Daphoenus,Daphoenus felinus,33.599999999999994,33.599999999999994
Tytthaena,Tytthaena parrisi,59.25,59.25
Leptarctus,Leptarctus oregonensis,14.1815,18.2
Phlaocyon,Phlaocyon latidens,25.615000000000002,32.05
Simpsonictis,Simpsonictis pegus,59.25,62.5
Edaphocyon,Edaphocyon lautus,18.2,18.2
Bassariscus,Bassariscus astutus,0.00585,0.906
Felis,Felis domesticus,0.06885,0.06885
Mustela,Mustela nigripes,0.063,1.05
Sorex,Sorex megapalustris,1.05,1.05
Myotis,Myotis myotis,0.06885,1.29985
Mustela,Mustela meltoni,3.35,3.35
Tisisthenes,Tisisthenes parvus,1.05,1.05
Prototaria,Prototaria primigena,14.895,14.895
Plecotus,Plecotus alleganiensis,1.05,1.05
Protocyon,Protocyon troglodytes,0.063,1.294
Ferinestrix,Ferinestrix vorax,3.35,3.35
Ernosorex,Ernosorex jilinensis,44.55,44.55
Hipposideros,Hipposideros schlosseri,31.0,39.65
Eumetopias,Eumetopias jubata,0.00585,4.4665
Nycticeius,Nycticeius humeralis,0.06885,0.06885
Pekania,Pekania pennanti,0.063,1.29985
Lasiurus,Lasiurus seminolus,3.0940000000000003,3.0940000000000003
Oligoryctes,Oligoryctes cameronensis,35.55,37.15
Proscalops,Proscalops tertius,25.615000000000002,33.599999999999994
Gracilocyon,Gracilocyon winkleri,52.2,53.05
Mormopterus,Mormopterus barrancae,19.25,19.25
Dipsalidictis,Dipsalidictis transiens,52.2,56.3
Promartes,Promartes gemmarosae,25.615000000000002,25.615000000000002
Mellivora,Mellivora punjabiensis,3.0940000000000003,4.917
Chainodus,Chainodus eggingensis,21.735,21.735
Ugandictis,Ugandictis napakensis,18.205000000000002,19.5
Cuon,Cuon alpinus,0.06885,1.29985
Stenoplesictis,Stenoplesictis cayluxi,25.565,31.15
Khonsunycteris,Khonsunycteris aegypticus,31.0,31.0
Pseudaelurus,Pseudaelurus intrepidus,7.6000000000000005,18.2
Oriensarctos,Oriensarctos watasei,1.2935,1.2935
Meles,Meles meles,0.00585,1.6845
Arctonyx,Arctonyx collaris,0.06885,1.6845
Pipistrellus,Pipistrellus hesperus,0.00585,0.00585
Tregosorex,Tregosorex holmani,11.95,11.95
Cystophora,Cystophora cristata,0.00585,0.00585
Afrosmilus,Afrosmilus africanus,18.205000000000002,19.5
Ambloctonus,Ambloctonus priscus,52.2,52.2
Adeloblarina,Adeloblarina berklandi,14.785,14.785
Tadarida,Tadarida aurispinosa,0.06885,0.06885
Conepatus,Conepatus robustus,0.06885,0.06885
Nimravus,Nimravus sectator,25.615000000000002,25.615000000000002
Smilodon,Smilodon fatalis,0.063,1.29985
Spilogale,Spilogale rexroadi,3.35,3.35
Pogonodon,Pogonodon brachyops,25.615000000000002,32.05
Episoriculus,Episoriculus gibberodon,1.6845,11.520850000000001
Wallia,Wallia scalopidens,38.8,43.3
Paenelimnoecus,Paenelimnoecus micromorphus,16.435,18.45
Viverra,Viverra leakeyi,3.0940000000000003,9.433
Stehlinia,Stehlinia gracilis,31.15,39.65
Lynx,Lynx pardinus,1.29985,1.6845
Homiphoca,Homiphoca capensis,3.9605,12.809000000000001
Enhydra,Enhydra lutris,0.00585,0.156
Barbourofelis,Barbourofelis fricki,7.6000000000000005,7.6000000000000005
Conepatus,Conepatus semistriatus,0.00585,0.063
Palaeophyllophora,Palaeophyllophora oltina,35.95,35.95
Asellia,Asellia mariaetheresae,18.205000000000002,18.205000000000002
Homotherium,Homotherium crusafonti,3.35,3.35
Suncus,Suncus murinus,3.9605,3.9605
Nimravides,Nimravides galiani,9.25,11.95
Plesiodimylus,Plesiodimylus chantrei,8.225,16.435
Pliotaxidea,Pliotaxidea garberi,7.6000000000000005,7.6000000000000005
Sthenictis,Sthenictis bellus,18.2,18.2
Pachycynodon,Pachycynodon tedfordi,31.15,31.15
Ketketictis,Ketketictis solida,19.5,19.5
Oxyaena,Oxyaena pardalis,53.05,53.05
Tomarctus,Tomarctus brevirostris,14.1815,18.2
Leptocyon,Leptocyon vafer,11.95,14.785
Rhizocyon,Rhizocyon oregonensis,25.615000000000002,25.615000000000002
Conepatus,Conepatus leuconotus,0.06885,1.29985
Amelotabes,Amelotabes simpsoni,59.25,59.25
Xinyuictis,Xinyuictis tenuis,52.2,52.2
Amphicyon,Amphicyon longiramus,14.1815,18.2
Otarocyon,Otarocyon macdonaldi,33.599999999999994,33.599999999999994
Barbourofelis,Barbourofelis loveorum,7.6000000000000005,11.95
Vespertilio,Vespertilio murinus,0.06885,0.4535
Hassianycteris,Hassianycteris kumari,51.9,51.9
Pappictidops,Pappictidops orientalis,63.85,63.85
Siamogale,Siamogale melilutra,8.0,8.0
Mustela,Mustela eversmannii,0.4535,1.29985
Eumops,Eumops glaucinus,0.00585,0.06885
Altacreodus,Altacreodus magnus,68.3,69.05
Megalictis,Megalictis frazieri,22.615000000000002,22.615000000000002
Viverravus,Viverravus laytoni,52.2,59.25
Craterogale,Craterogale simus,18.2,18.2
Pseudotrimylus,Pseudotrimylus roperi,14.785,18.2
Mionictis,Mionictis artenensis,16.435,16.435
Arctocephalus,Arctocephalus gazella,0.00585,0.00585
Eucyon,Eucyon skinneri,11.95,11.95
Viretictis,Viretictis gaillardi,25.715,25.715
Pinnarctidion,Pinnarctidion rayi,17.015,17.015
Miacis,Miacis invictus,42.900000000000006,42.900000000000006
Myotis,Myotis austroriparius,0.06885,1.05
Vulpavus,Vulpavus palustris,48.25,48.25
Leptocyon,Leptocyon gregorii,22.615000000000002,22.615000000000002
Saharaderma,Saharaderma pseudovampyrus,31.0,31.0
Amphicticeps,Amphicticeps shackelfordi,31.15,31.15
Delotrochanter,Delotrochanter oryktes,22.615000000000002,22.615000000000002
Cerdocyon,Cerdocyon avius,3.35,3.9605
Apternodus,Apternodus mediaevus,35.55,35.55
Apternodus,Apternodus baladontus,35.55,37.15
Rhizomops,Rhizomops mengraii,13.789000000000001,13.789000000000001
Cephalogale,Cephalogale meschethense,25.715,25.715
Pseudaelurus,Pseudaelurus quadridentatus,11.608,15.274999999999999
Pontifactor,Pontifactor bestiola,48.25,56.3
Leptonycteris,Leptonycteris nivalis,0.06885,0.06885
Zalophus,Zalophus californianus,0.00585,1.29985
Noctilio,Noctilio lacrimaelunaris,7.9,9.433
Sorex,Sorex longirostris,0.06885,0.06885
Bumbanius,Bumbanius ningi,57.25,57.25
Viverravus,Viverravus rosei,52.2,57.25
Nyctitherium,Nyctitherium christopheri,38.8,43.3
Mustela,Mustela americana,0.00585,1.29985
Genetta,Genetta genetta,0.00585,2.6723500000000002
Cynarctoides,Cynarctoides whistleri,18.2,18.2
Dinocyon,Dinocyon thenardi,14.1815,16.435
Felis,Felis nigripes,1.29985,1.29985
Thyroptera,Thyroptera robusta,15.9,15.9
Archaeopteropus,Archaeopteropus transiens,31.15,31.15
Baranogale,Baranogale helbingi,2.894,4.550000000000001
Allodesmus,Allodesmus megallos,9.433,12.719999999999999
Vishnuonyx,Vishnuonyx chinjiensis,13.789000000000001,13.789000000000001
Anourosorex,Anourosorex squamipes,0.06885,0.06885
Mesoscalops,Mesoscalops scopelotemos,18.2,18.2
Stenoplesictis,Stenoplesictis elegans,31.15,31.15
Gracilocyon,Gracilocyon rosei,52.2,52.2
Osbornodon,Osbornodon wangi,25.615000000000002,25.615000000000002
Notiosorex,Notiosorex repenningi,3.35,3.35
Africanictis,Africanictis hyaenoides,17.319000000000003,17.319000000000003
Myotis,Myotis boyeri,6.073,8.470500000000001
Sorex,Sorex rexroadensis,3.35,3.35
Vampyravus,Vampyravus orientalis,31.0,31.0
Isolalutra,Isolalutra cretensis,0.06885,0.06885
Potamotherium,Potamotherium miocenicum,12.375,16.435
Chrotopterus,Chrotopterus auritus,0.063,1.294
Paludolutra,Paludolutra campanii,7.0165,7.0165
Prodaphaenus,Prodaphaenus uintensis,43.3,43.3
Blarinoides,Blarinoides aliciae,2.894,2.894
Talpavus,Talpavus sullivani,53.05,53.05
Nimravides,Nimravides hibbardi,7.6000000000000005,7.6000000000000005
Myotis,Myotis helleri,3.7,3.7
Borophagus,Borophagus diversidens,3.35,3.35
Micropternodus,Micropternodus borealis,35.55,35.55
Protodobenus,Protodobenus japonicus,4.4665,4.4665
Allodesmus,Allodesmus sadoensis,12.719999999999999,12.719999999999999
Hoplophoneus,Hoplophoneus cerebralis,25.615000000000002,28.55
Sarkastodon,Sarkastodon mongoliensis,42.900000000000006,42.900000000000006
Plecotus,Plecotus crassidens,1.6845,4.550000000000001
Cyonarctos,Cyonarctos dessei,25.715,25.715
Amphicynodon,Amphicynodon teilhardi,31.15,31.15
Ursus,Ursus spelaeus,0.39635000000000004,3.0940000000000003
Crusafontina,Crusafontina vandeweerdi,7.0165,7.0165
Builstynia,Builstynia fontana,8.470500000000001,8.470500000000001
Vulpes,Vulpes cascadensis,0.06885,0.06885
Hipposideros,Hipposideros felix,13.789000000000001,13.789000000000001
Oedolius,Oedolius perexiguus,52.2,52.2
Miacis,Miacis australis,38.8,38.8
Enhydriodon,Enhydriodon ekecaman,3.9605,4.4665
Mungos,Mungos mungo,0.00585,1.294
Lycyaenops,Lycyaenops silberbergi,1.6845,1.6845
Plecotus,Plecotus tetralophodon,0.06885,0.06885
Ursus,Ursus americanus,0.00585,3.35
Xenocyon,Xenocyon texanus,1.05,1.05
Mixopteryx,Mixopteryx dubia,31.15,31.15
Protonycteris,Protonycteris gunnelli,51.9,51.9
Tubulodon,Tubulodon pearcei,53.05,53.05
Paralutra,Paralutra jaegeri,10.399999999999999,10.399999999999999
Eptesicus,Eptesicus aurelianensis,16.435,18.45
Brachyopsigale,Brachyopsigale dubius,3.35,7.6000000000000005
Apriculus,Apriculus praeteritus,43.3,43.3
Cernictis,Cernictis hesperus,7.6000000000000005,7.6000000000000005
Atasorex,Atasorex edax,25.715,25.715
Petenyia,Petenyia concisa,11.95,11.95
Eomellivora,Eomellivora wimani,7.0165,11.95
Pacificotaria,Pacificotaria hadromma,18.205000000000002,18.205000000000002
Cynodesmus,Cynodesmus martini,25.615000000000002,25.615000000000002
Yuanqulestes,Yuanqulestes qiui,42.900000000000006,42.900000000000006
Delotrochanter,Delotrochanter major,22.615000000000002,22.615000000000002
Phyllops,Phyllops silvai,0.06885,0.06885
Leptophoca,Leptophoca proxima,9.433,18.205000000000002
Leptacodon,Leptacodon catulus,53.05,53.05
Herpestes,Herpestes ichneumon,0.00585,3.9605
Viverravus,Viverravus minutus,43.3,53.05
Erignathus,Erignathus barbatus,0.00585,1.29985
Tetrapassalus,Tetrapassalus proius,48.25,48.25
Semigenetta,Semigenetta cadeoti,16.435,16.435
Crocidura,Crocidura russula,0.06885,1.29985
Arctonasua,Arctonasua floridana,11.95,11.95
Plecotus,Plecotus auritus,0.06885,1.357
Brachypsalis,Brachypsalis hyaenoides,14.1815,14.1815
Desmodus,Desmodus rotundus,0.00585,0.06885
Alloblarinella,Alloblarinella europaea,2.894,11.925
Hipposideros,Hipposideros omani,31.15,31.15
Vassacyon,Vassacyon bowni,53.05,53.05
Tanzanycteris,Tanzanycteris mannardi,44.55,44.55
Lutra,Lutra lutra,0.00585,1.6845
Pseudaelurus,Pseudaelurus aeluroides,14.785,14.785
Cryptotis,Cryptotis adamsi,3.35,7.6000000000000005
Lontra,Lontra longicaudis,0.00585,0.063
Leptacodon,Leptacodon donkroni,52.2,52.2
Myotis,Myotis velifer,0.00585,1.05
Paranasua,Paranasua biradica,11.95,11.95
Pteronura,Pteronura brasiliensis,0.00585,1.294
Hyaena,Hyaena hyaena,0.00585,3.9605
Stenoplesictis,Stenoplesictis minor,28.465,31.15
Properiptychus,Properiptychus argentinus,12.719999999999999,12.719999999999999
Ictidopappus,Ictidopappus mustelinus,62.5,62.5
Hoplophoneus,Hoplophoneus mentalis,35.55,35.55
Quercygale,Quercygale helvetica,39.65,44.55
Lycophocyon,Lycophocyon hutchisoni,38.8,43.3
Enaliarctos,Enaliarctos mealsi,21.735,21.735
Crusafontina,Crusafontina magna,7.6000000000000005,9.25
Cynarctoides,Cynarctoides luskensis,22.615000000000002,25.615000000000002
Borophagus,Borophagus secundus,7.6000000000000005,14.1815
Didymictis,Didymictis vancleveae,48.25,48.25
Pseudocordylodon,Pseudocordylodon rigassii,22.715,22.715
Panthera,Panthera blytheae,7.604,7.604
Limnoecus,Limnoecus compressus,18.2,18.2
Cynarctoides,Cynarctoides roii,25.615000000000002,28.55
Genetta,Genetta tigrina,0.00585,1.29985
Sthenictis,Sthenictis lacota,11.95,11.95
Ysengrinia,Ysengrinia americana,22.615000000000002,25.615000000000002
Caracal,Caracal caracal,0.00585,12.809000000000001
Diacocherus,Diacocherus meizon,59.25,59.25
Sorex,Sorex pratensis,1.05,1.05
Parictis,Parictis gilpini,33.599999999999994,35.55
Bayanulanius,Bayanulanius tenuis,57.25,57.25
Conepatus,Conepatus sanmiguelensis,7.6000000000000005,14.1815
Miacis,Miacis medius,43.3,43.3
Sorex,Sorex minutoides,4.4665,8.470500000000001
Sorex,Sorex runtonensis,0.4535,4.050000000000001
Canis,Canis rufus,0.06885,3.35
Otocyon,Otocyon megalotis,0.00585,1.29985
Cormocyon,Cormocyon haydeni,22.615000000000002,25.615000000000002
Cynelos,Cynelos idoneus,14.895,18.2
Proscalops,Proscalops evelynae,28.55,28.55
Cryptoprocta,Cryptoprocta ferox,0.00585,0.00585
Brachyrhynchocyon,Brachyrhynchocyon intermedius,35.55,35.55
Daphoenus,Daphoenus hartshornianus,33.599999999999994,33.599999999999994
Crocuta,Crocuta crocuta,0.00585,3.9605
Wyonycteris,Wyonycteris primitivus,53.05,53.05
Vulpes,Vulpes chama,0.00585,1.6845
Rhinolophus,Rhinolophus delphinensis,3.7,14.81
Cormocyon,Cormocyon copei,14.1815,28.55
Epicyon,Epicyon aelurodontoides,7.6000000000000005,7.6000000000000005
Sorex,Sorex meltoni,3.35,3.35
Miocyon,Miocyon major,48.25,48.25
Myotis,Myotis grisescens,0.06885,1.29985
Chailicyon,Chailicyon crassidens,42.900000000000006,42.900000000000006
Dipassalus,Dipassalus oryctes,48.25,53.05
Martes,Martes khelifensis,13.789000000000001,13.789000000000001
Enhydriodon,Enhydriodon falconeri,3.9605,8.470500000000001
Vulpavus,Vulpavus ovatus,48.25,48.25
Pakilestes,Pakilestes lathrius,44.55,44.55
Palaeogale,Palaeogale minuta,16.435,25.615000000000002
Bumbanius,Bumbanius rarus,52.2,52.2
Monotherium,Monotherium wymani,14.895,14.895
Stehlinia,Stehlinia bonisi,31.15,31.15
Lutra,Lutra simplicidens,0.4535,1.6845
Ulmensia,Ulmensia ehrensteinensis,25.715,25.715
Mellalictis,Mellalictis mellalensis,13.789000000000001,13.789000000000001
Protictis,Protictis agastor,59.25,59.25
Paradaphoenus,Paradaphoenus cuspigerus,25.615000000000002,25.615000000000002
Homotherium,Homotherium serum,0.06885,1.29985
Guangxicyon,Guangxicyon sinoamericanus,35.55,35.55
Cokia,Cokia robusta,3.7,4.550000000000001
Osmotherium,Osmotherium spelaeum,1.05,1.05
Pappictidops,Pappictidops obtusus,62.35,62.35
Aelurodon,Aelurodon taxoides,7.6000000000000005,14.1815
Cynarctus,Cynarctus saxatilis,14.785,14.785
Leopardus,Leopardus vorohuensis,2.1,2.1
Plionarctos,Plionarctos harroldorum,3.35,3.35
Leptacodon,Leptacodon proserpinae,64.65,64.65
Simocyon,Simocyon primigenius,7.6000000000000005,8.470500000000001
Blarina,Blarina brevicauda,0.063,3.35
Percrocuta,Percrocuta australis,3.0940000000000003,4.917
Eofelis,Eofelis edwardsii,28.465,31.15
Lapichiropteryx,Lapichiropteryx xiei,42.900000000000006,42.900000000000006
Leopardus,Leopardus tigrinus,0.063,0.063
Bassariscus,Bassariscus ogallalae,7.6000000000000005,13.135000000000002
Sorex,Sorex edwardsi,7.6000000000000005,9.25
Sthenictis,Sthenictis dolichops,14.785,18.2
Plesiosorex,Plesiosorex donroosai,14.785,14.785
Miosorex,Miosorex grivensis,11.925,14.81
Stenogale,Stenogale intermedia,28.465,28.465
Eumops,Eumops perotis,0.00585,3.35
Felis,Felis prisca,8.470500000000001,8.470500000000001
Xenosmilus,Xenosmilus hodsonae,1.05,2.6
Sorex,Sorex praearaneus,0.4535,3.7
Ontocetus,Ontocetus emmonsi,0.4535,12.809000000000001
Lutra,Lutra castiglionis,0.4535,0.4535
Plesiogulo,Plesiogulo lindsayi,7.6000000000000005,7.6000000000000005
Amblonyx,Amblonyx cinerea,0.00585,0.00585
Neomys,Neomys fodiens,0.00585,0.06885
Hipposideros,Hipposideros bernardsigei,14.1815,14.1815
Martes,Martes campestris,11.95,11.95
Brachypsalis,Brachypsalis modicus,14.1815,14.785
Viverravus,Viverravus lawsoni,51.9,51.9
Plionictis,Plionictis oregonensis,7.6000000000000005,7.6000000000000005
Plionarctos,Plionarctos edensis,6.050000000000001,7.6000000000000005
Daphoenodon,Daphoenodon notionastes,14.1815,22.615000000000002
Martes,Martes martes,0.00585,1.6845
Lasiurus,Lasiurus borealis,0.00585,3.35
Temnocyon,Temnocyon macrogenys,22.615000000000002,22.615000000000002
Dipsalidictis,Dipsalidictis aequidens,56.3,56.3
Algarolutra,Algarolutra majori,1.29985,1.29985
Urocyon,Urocyon citrinus,3.35,3.35
Dinosorex,Dinosorex zapfei,12.375,16.435
Pithanotaria,Pithanotaria starri,5.423,9.433
Plithocyon,Plithocyon armagnacensis,11.608,13.795
Phlaocyon,Phlaocyon taylori,25.615000000000002,27.8
Devinophoca,Devinophoca emryi,12.719999999999999,12.719999999999999
Pseudotaria,Pseudotaria muramotoi,10.533000000000001,10.533000000000001
Ysengrinia,Ysengrinia gerandiana,21.2,21.2
Darbonetus,Darbonetus aubrelongensis,31.15,31.15
Cynodesmus,Cynodesmus thooides,25.615000000000002,32.05
Talpavus,Talpavus nitidus,48.25,48.25
Odobenus,Odobenus mandanoensis,1.29985,1.29985
Urocyon,Urocyon galushai,3.35,3.35
Apternodus,Apternodus gregoryi,33.599999999999994,35.55
Aegyptonycteris,Aegyptonycteris knightae,35.95,35.95
Galictis,Galictis vittata,0.00585,0.00585
Cyonasua,Cyonasua argentina,7.9,7.9
Mionictis,Mionictis pristinus,11.95,14.785
Plesiogulo,Plesiogulo marshalli,7.6000000000000005,7.6000000000000005
Mioprionodon,Mioprionodon hodopeus,25.715,25.715
Callorhinus,Callorhinus gilmorei,1.6845,3.35
Leptophoca,Leptophoca lenis,12.719999999999999,18.2
Agriotherium,Agriotherium africanum,3.0940000000000003,4.917
Plionictis,Plionictis ogygia,11.95,18.2
Adilophontes,Adilophontes brachykolos,22.615000000000002,25.615000000000002
Lynx,Lynx lynx,0.063,3.9605
Thalassictis,Thalassictis robusta,6.325,10.399999999999999
Eogale,Eogale parydros,53.05,53.05
Phlaocyon,Phlaocyon annectens,22.615000000000002,22.615000000000002
Matanomictis,Matanomictis maniyarensis,25.565,25.565
Plagioctenodon,Plagioctenodon krausae,53.05,56.3
Sorex,Sorex monticolus,0.06885,1.05
Cynarctoides,Cynarctoides acridens,14.785,25.615000000000002
Ursus,Ursus maritimus,0.00585,0.06885
Gobisorex,Gobisorex kingae,25.565,31.15
Metacheiromys,Metacheiromys dasypus,48.25,48.25
Agnotherium,Agnotherium antiquum,13.789000000000001,13.789000000000001
Enhydrocyon,Enhydrocyon pahinsintewakpa,22.615000000000002,28.55
Hyaenictitherium,Hyaenictitherium barbarum,3.0940000000000003,3.0940000000000003
Megantereon,Megantereon megantereon,1.60585,3.9605
Vulpavus,Vulpavus farsonensis,48.25,48.25
Didymictis,Didymictis leptomylus,52.2,53.05
Phlaocyon,Phlaocyon marslandensis,18.2,18.2
Panthera,Panthera onca,0.00585,3.35
Zodiolestes,Zodiolestes freundi,18.2,18.2
Osbornodon,Osbornodon renjiei,32.05,33.599999999999994
Escavadodon,Escavadodon zygus,62.5,62.5
Kichechia,Kichechia zamanae,18.205000000000002,19.5
Ectopocynus,Ectopocynus antiquus,25.615000000000002,32.05
Apternodus,Apternodus major,35.55,35.55
Edaphocyon,Edaphocyon palmeri,18.2,18.2
Machairodus,Machairodus kurteni,7.0165,7.0165
Devinophoca,Devinophoca claytoni,12.719999999999999,12.719999999999999
Chadronycteris,Chadronycteris rabenae,35.55,35.55
Hoplophoneus,Hoplophoneus primaevus,33.599999999999994,33.599999999999994
Cryptotis,Cryptotis meadensis,3.35,3.35
Parahyaenodon,Parahyaenodon argentinus,5.4,5.4
Palaeotaria,Palaeotaria henriettae,25.565,25.565
Temnocyon,Temnocyon subferox,25.615000000000002,25.615000000000002
Spilogale,Spilogale microdens,3.35,3.35
Promartes,Promartes vantasselensis,22.615000000000002,22.615000000000002
Cryptomanis,Cryptomanis gobiensis,42.900000000000006,42.900000000000006
Arctotherium,Arctotherium tarijense,1.6845,1.6845
Dipsalodon,Dipsalodon matthewi,56.3,56.3
Petenyia,Petenyia hungarica,0.4535,7.0165
Cokia,Cokia kowalskae,4.4665,8.470500000000001
Paranourosorex,Paranourosorex inexspectatus,4.4665,8.470500000000001
Trigonictis,Trigonictis macrodon,1.05,3.35
Actiocyon,Actiocyon parverratis,14.785,14.785
Paracynarctus,Paracynarctus kelloggi,14.1815,18.2
Borophagus,Borophagus parvus,7.6000000000000005,7.6000000000000005
Saturninia,Saturninia intermedia,35.55,44.5
Sorex,Sorex hagermanensis,3.35,3.35
Sorex,Sorex dispar,0.063,1.05
Felis,Felis youngi,1.29985,1.29985
Kolponomos,Kolponomos newportensis,17.015,17.015
Martinogale,Martinogale alveodens,7.6000000000000005,7.6000000000000005
Bryanictis,Bryanictis microlestes,59.25,62.5
Clinopternodus,Clinopternodus gracilis,35.55,35.55
Planisorex,Planisorex dixonensis,3.35,3.35
Sorex,Sorex fumeus,0.063,1.29985
Pachycynodon,Pachycynodon borei,31.15,31.15
Speothos,Speothos venaticus,0.00585,0.00585
Paradaphoenus,Paradaphoenus minimus,33.599999999999994,33.599999999999994
Myotis,Myotis thysanodes,0.06885,1.05
Barbourofelis,Barbourofelis morrisi,9.25,11.95
Amphicyon,Amphicyon pontoni,14.1815,18.2
Uintacyon,Uintacyon asodes,48.25,53.05
Kolponomos,Kolponomos clallamensis,21.735,21.735
Brevimalictis,Brevimalictis chikasha,14.785,14.785
Gobiohyus,Gobiohyus pressidens,42.900000000000006,42.900000000000006
Satherium,Satherium piscinarium,1.05,3.35
Eotaria,Eotaria citrica,14.895,14.895
Platyphoca,Platyphoca vulgaris,3.9605,4.4665
Dhofarella,Dhofarella sigei,31.0,31.0
Euronyctia,Euronyctia belgica,31.15,31.15
Simocyon,Simocyon batalleri,9.2,9.2
Leptocyon,Leptocyon vulpinus,18.2,25.615000000000002
Vassacyon,Vassacyon taxidiotis,51.9,51.9
Philotrox,Philotrox condoni,25.615000000000002,28.55
Martes,Martes parviloba,14.785,14.785
Palaeogale,Palaeogale sanguinarius,25.615000000000002,25.615000000000002
Aelurodon,Aelurodon mcgrewi,14.1815,14.785
Ginsburgsmilus,Ginsburgsmilus napakensis,18.205000000000002,18.205000000000002
Probassariscus,Probassariscus matthewi,14.785,14.785
Amphicyon,Amphicyon riggsi,14.1815,14.1815
Praolestes,Praolestes maximus,57.25,57.25
Buisnictis,Buisnictis burrowsi,3.35,3.35
Vulpes,Vulpes velox,0.063,3.35
Protepicyon,Protepicyon raki,14.785,14.785
Cynodictis,Cynodictis lacustris,35.55,35.95
Phoca,Phoca (Phoca) moori,3.0940000000000003,3.0940000000000003
Sorex,Sorex minutus,0.06885,4.550000000000001
Butselia,Butselia biveri,31.15,31.15
Canis,Canis lupus,0.00585,3.0940000000000003
Dormaalocyon,Dormaalocyon latouri,51.9,52.2
Viverravus,Viverravus acutus,52.2,56.3
Bassaricyon,Bassaricyon gabbii,0.00585,0.00585
Sorex,Sorex kansasensis,1.05,1.05
Chrysocyon,Chrysocyon brachyurus,1.294,1.6845
Blarinoides,Blarinoides mariae,1.6845,4.550000000000001
Dhofarella,Dhofarella thaleri,31.15,31.15
Archaeonycteris,Archaeonycteris brailloni,51.9,51.9
Leptarctus,Leptarctus woodburnei,7.6000000000000005,14.1815
Necromites,Necromites nestoris,1.2935,1.2935
Palynephyllum,Palynephyllum antimaster,15.9,15.9
Halichoerus,Halichoerus grypus,0.00585,1.29985
Dusicyon,Dusicyon sechurae,0.39635000000000004,0.39635000000000004
Ordolestes,Ordolestes ordinatus,52.2,52.2
Pliopedia,Pliopedia pacifica,4.4665,4.4665
Rhinolophus,Rhinolophus priscus,35.95,35.95
Hesperocyon,Hesperocyon coloradensis,33.599999999999994,33.599999999999994
Goupilictis,Goupilictis minor,8.470500000000001,25.715
Orientictis,Orientictis spanios,35.55,35.55
Cynictis,Cynictis penicillata,0.00585,3.0940000000000003
Suaptenos,Suaptenos whitei,18.2,18.2
Herpestides,Herpestides antiquus,21.2,22.715
Lynx,Lynx longignathus,7.6000000000000005,7.6000000000000005
Thalassoleon,Thalassoleon inouei,4.4665,4.4665
Prototaria,Prototaria planicephala,14.895,14.895
Sivaonyx,Sivaonyx gandakasensis,9.433,9.433
Plecotus,Plecotus townsendii,0.063,0.06885
Osbornodon,Osbornodon scitulus,18.2,18.2
Franconictis,Franconictis vireti,21.2,25.715
Theriodictis,Theriodictis floridanus,3.35,3.35
Lutra,Lutra fatimazohrae,3.0940000000000003,3.0940000000000003
Osbornodon,Osbornodon brachypus,18.2,22.615000000000002
Canis,Canis mesomelas,0.00585,3.9605
Eira,Eira barbara,0.00585,0.063
Leptacodon,Leptacodon tener,59.25,62.5
Leptacodon,Leptacodon nascimentoi,52.2,52.2
Praepusa,Praepusa pannonica,12.154,12.719999999999999
Protomarctus,Protomarctus optatus,14.1815,18.205000000000002
Oxyaena,Oxyaena gulo,51.9,53.05
Leptacodon,Leptacodon munusculum,59.25,62.5
Pseudobassaris,Pseudobassaris riggsi,28.465,28.465
Anourosorex,Anourosorex oblongus,7.0165,7.0165
Zelceina,Zelceina kormosi,3.9605,8.470500000000001
Indarctos,Indarctos nevadensis,7.6000000000000005,7.6000000000000005
Sorex,Sorex quadraticauda,1.6845,1.6845
Bassariscus,Bassariscus parvus,14.785,14.785
Epicyon,Epicyon haydeni,7.6000000000000005,18.2
Sunkahetanka,Sunkahetanka geringensis,25.615000000000002,28.55
Metalopex,Metalopex bakeri,7.6000000000000005,7.6000000000000005
Lusorex,Lusorex taishanensis,13.789000000000001,13.789000000000001
Metacordylodon,Metacordylodon schlosseri,9.2,13.795
Brevipalatus,Brevipalatus mcculloughi,19.5,19.5
Progenitohyus,Progenitohyus thailandicus,35.55,35.55
Talpavus,Talpavus conjunctus,38.8,38.8
Allodesmus,Allodesmus gracilis,12.719999999999999,12.719999999999999
Cynarctoides,Cynarctoides emryi,18.2,18.2
Miracinonyx,Miracinonyx studeri,0.06885,3.35
Preonictis,Preonictis youngi,52.2,52.2
Buisnictis,Buisnictis schoffi,3.35,7.6000000000000005
Machaeroides,Machaeroides eothen,48.25,48.25
Cephalogale,Cephalogale minor,31.15,31.15
Simpsonictis,Simpsonictis tenuis,59.25,62.5
Pristinailurus,Pristinailurus bristoli,6.050000000000001,6.050000000000001
Quercysorex,Quercysorex ulmensis,25.715,25.715
Eusmilus,Eusmilus bidentatus,31.15,31.15
Meles,Meles iberica,1.6845,1.6845
Hadrokirus,Hadrokirus martini,6.2895,6.2895
Helogale,Helogale hirtula,2.197,2.197
Ommatophoca,Ommatophoca rossii,0.00585,1.6845
Miniopterus,Miniopterus fossilis,8.470500000000001,13.2
Xenocyon,Xenocyon lycaonoides,0.4535,1.6845
Tadarida,Tadarida brasiliensis,0.00585,1.29985
Dusignathus,Dusignathus seftoni,3.0940000000000003,4.4665
Pteronarctos,Pteronarctos piersoni,18.205000000000002,18.205000000000002
Vulpes,Vulpes kernensis,11.95,11.95
Pusa,Pusa sibirica,0.00585,0.00585
Canis,Canis cedazoensis,1.05,1.05
Oxyaena,Oxyaena woutersi,51.9,52.2
Lasiurus,Lasiurus fossilis,3.35,3.35
Sivaonyx,Sivaonyx senutae,8.470500000000001,8.470500000000001
Proterozetes,Proterozetes ulysses,1.29985,1.29985
Propalaeanodon,Propalaeanodon schaffi,59.25,59.25
Petenyia,Petenyia katrinae,4.4665,4.4665
Amphicyon,Amphicyon ingens,14.785,18.2
Myotis,Myotis leibi,1.05,1.29985
Monachus,Monachus monachus,0.00585,1.6845
Canis,Canis armbrusteri,0.06885,2.6
Lontra,Lontra canadensis,0.00585,3.35
Tadarida,Tadarida laticaudata,0.06885,0.06885
Borophagus,Borophagus hilli,3.35,14.1815
Domnina,Domnina dakotensis,25.55,28.55
Dusignathus,Dusignathus santacruzensis,3.9605,6.2895
Enhydrocyon,Enhydrocyon basilatus,22.615000000000002,22.615000000000002
Sthenictis,Sthenictis junturensis,14.1815,14.1815
Pseudaelurus,Pseudaelurus africanus,19.5,19.5
Sulimskia,Sulimskia kretzoii,2.197,4.550000000000001
Trachops,Trachops cirrhosus,0.00585,0.06885
Mustela,Mustela rexroadensis,3.35,7.6000000000000005
Mylanodon,Mylanodon rosei,59.25,59.25
Mephitis,Mephitis macroura,0.063,0.063
Canis,Canis adustus,0.00585,3.0940000000000003
Palaeonictis,Palaeonictis gigantea,51.9,52.2
Daphoenictis,Daphoenictis tedfordi,35.55,35.55
Shandgolictis,Shandgolictis constans,31.15,31.15
Harpalodon,Harpalodon sylvestris,43.3,43.3
Tapocyon,Tapocyon robustus,43.3,43.3
Parictis,Parictis dakotensis,33.599999999999994,35.55
Pliophoca,Pliophoca etrusca,3.0940000000000003,6.2895
Mammacyon,Mammacyon ferocior,22.615000000000002,22.615000000000002
Amphictis,Amphictis prolongata,21.2,22.715
Patriomanis,Patriomanis americanus,35.55,35.55
Lynx,Lynx canadensis,0.06885,1.05
Mustela,Mustela nivalis,0.00585,1.294
Aivukus,Aivukus cedrosensis,6.2895,7.098000000000001
Alloblarinella,Alloblarinella sinica,8.470500000000001,8.470500000000001
Philisis,Philisis sphingis,31.0,31.0
Aelurodon,Aelurodon ferox,9.25,14.785
Neovulpavus,Neovulpavus washakius,43.3,43.3
Drassonax,Drassonax harpagops,33.599999999999994,33.599999999999994
Procynodictis,Procynodictis vulpiceps,43.3,48.25
Leptacodon,Leptacodon packi,59.25,59.25
Pekania,Pekania diluviana,1.05,1.05
Paraenhydrocyon,Paraenhydrocyon wallovianus,22.615000000000002,25.615000000000002
Eofelis,Eofelis giganteus,30.115000000000002,30.115000000000002
Archaeonycteris,Archaeonycteris praecursor,52.2,52.2
Acinonyx,Acinonyx jubatus,0.00585,3.9605
Episoriculus,Episoriculus corsicanus,0.4535,0.4535
Dimyloides,Dimyloides stehlini,22.715,25.715
Indarctos,Indarctos oregonensis,7.6000000000000005,7.6000000000000005
Ursavus,Ursavus primaevus,10.399999999999999,14.81
Palaeonictis,Palaeonictis wingi,53.05,53.05
Hydrurga,Hydrurga leptonyx,0.00585,0.00585
Amphicynodon,Amphicynodon leptorhynchus,31.15,31.15
Parictis,Parictis parvus,35.55,35.55
Notiosorex,Notiosorex crawfordi,0.00585,1.05
Pontophoca,Pontophoca simionescui,12.154,12.154
Allodesmus,Allodesmus naorai,12.719999999999999,12.719999999999999
Rhinolophus,Rhinolophus dehmi,18.45,18.45
Pliotaxidea,Pliotaxidea nevadensis,7.6000000000000005,14.1815
Amphicticeps,Amphicticeps dorog,31.15,31.15
Quettacyon,Quettacyon parachai,51.9,51.9
Pontophoca,Pontophoca sarmatica,12.154,12.719999999999999
Bassariscus,Bassariscus casei,3.35,3.35
Paenelimnoecus,Paenelimnoecus obtusus,4.4665,8.470500000000001
Gobiohyus,Gobiohyus orientalis,42.900000000000006,42.900000000000006
Brachypsalis,Brachypsalis obliquidens,14.785,18.2
Sorex,Sorex sandersi,3.35,3.35
Heterosorex,Heterosorex ruemkeae,16.435,16.435
Leptarctus,Leptarctus webbi,11.95,11.95
Eumetopias,Eumetopias kishidai,1.2935,1.2935
Vulpavus,Vulpavus hargeri,48.25,48.25
Amphicticeps,Amphicticeps makhchinus,31.15,31.15
Batavipusa,Batavipusa neerlandica,3.9605,9.433
Daphoenus,Daphoenus vetus,33.599999999999994,33.599999999999994
Diacocherus,Diacocherus dockeryi,53.05,53.05
Praepusa,Praepusa magyaricus,12.154,12.154
Miomyotis,Miomyotis floridanus,18.2,18.2
Urocyon,Urocyon webbi,7.6000000000000005,7.6000000000000005
Archaeocyon,Archaeocyon falkenbachi,25.615000000000002,25.615000000000002
Megagomphos,Megagomphos sinanoensis,12.719999999999999,12.719999999999999
Malfelis,Malfelis badwaterensis,48.25,48.25
Dinictis,Dinictis felina,32.05,35.55
Leptarctus,Leptarctus supremus,7.6000000000000005,7.6000000000000005
Leopardus,Leopardus pardalis,0.00585,0.156
Miostrellus,Miostrellus risgoviensis,10.399999999999999,13.2
Felis,Felis rexroadensis,3.0940000000000003,7.6000000000000005
Sorex,Sorex powersi,3.35,3.35
Viretictis,Viretictis julieni,21.2,21.2
Aelurodon,Aelurodon montanensis,14.785,14.785
Homotherium,Homotherium johnstoni,3.35,3.35
Petenyia,Petenyia dubia,8.225,11.925
Miacis,Miacis lushiensis,42.900000000000006,42.900000000000006
Ursus,Ursus abstrusus,3.35,4.4665
Vespertiliavus,Vespertiliavus gracilis,31.0,39.65
Herpestes,Herpestes urva,0.06885,0.39635000000000004
Arctisorex,Arctisorex polaris,4.4665,4.4665
Dipsalidictis,Dipsalidictis krausei,56.3,56.3
Herpestides,Herpestides compactus,21.2,21.2
Machairodus,Machairodus kabir,6.2895,6.2895
Chibanycteris,Chibanycteris herberti,31.15,31.15
Felis,Felis libyca,0.00585,3.0940000000000003
Leopardus,Leopardus braccatus,1.294,1.294
Miomustela,Miomustela madisonae,14.785,14.785
Tadarida,Tadarida rusingae,18.205000000000002,18.205000000000002
Delotrochanter,Delotrochanter petersoni,25.55,25.55
Dawsonicyon,Dawsonicyon isami,48.25,48.25
Uintacyon,Uintacyon vorax,43.3,48.25
Borophagus,Borophagus orc,4.4665,7.6000000000000005
Cynarctoides,Cynarctoides harlowi,22.615000000000002,22.615000000000002
Palaeophyllophora,Palaeophyllophora quercyi,31.0,39.65
Pogonodon,Pogonodon eileenae,28.55,28.55
Lutravus,Lutravus halli,7.6000000000000005,11.95
Miophoca,Miophoca vetusta,9.433,14.895
Potamotherium,Potamotherium vallentoni,22.715,25.715
Neophoca,Neophoca palatina,1.29985,1.29985
Herpestes,Herpestes pulverulentus,0.00585,1.29985
Miacis,Miacis petilus,52.2,53.05
Pseudaelurus,Pseudaelurus validus,14.785,18.2
Vastania,Vastania sahnia,51.9,51.9
Pseudocyon,Pseudocyon sansaniensis,11.608,18.205000000000002
Pusa,Pusa hispida,0.00585,0.06885
Aralosorex,Aralosorex kalini,25.715,25.715
Hesperosorex,Hesperosorex lovei,14.1815,14.1815
Cryptophoca,Cryptophoca maeotica,8.470500000000001,14.895
Plagioctenodon,Plagioctenodon rosei,56.3,57.25
Quercygale,Quercygale angustidens,35.55,39.65
Pelagiarctos,Pelagiarctos thomasi,14.895,14.895
Amphicyon,Amphicyon galushai,18.2,18.2
Chambilestes,Chambilestes foussanensis,48.65,48.65
Megaderma,Megaderma franconica,18.45,18.45
Gryphoca,Gryphoca nordica,4.4665,9.433
Witwatia,Witwatia eremicus,35.95,35.95
Lasiurus,Lasiurus golliheri,1.05,1.05
Haplocyonoides,Haplocyonoides mordax,14.895,18.205000000000002
Cubacyon,Cubacyon transversidens,1.294,1.294
Cryptotis,Cryptotis parva,0.00585,3.35
Talpavus,Talpavus duplus,43.3,43.3
Mustela,Mustela frenata,0.00585,3.35
Gryphoca,Gryphoca similis,3.9605,14.1815
Rhinolophus,Rhinolophus ferrumequinum,0.06885,2.894
Valenictus,Valenictus chulavistensis,3.35,3.35
Oligobunis,Oligobunis floridanus,18.2,18.2
Oxyaena,Oxyaena forcipata,52.2,53.05
Hyaena,Hyaena hipparionum,14.1815,14.1815
Soricella,Soricella discrepans,13.789000000000001,21.2
Paracryptotis,Paracryptotis gidleyi,3.35,3.35
Artibeus,Artibeus jamaicensis,0.00585,0.06885
Aelurodon,Aelurodon wheelerianus,18.2,18.2
Daphoenodon,Daphoenodon skinneri,22.615000000000002,22.615000000000002
Plesiosorex,Plesiosorex styriacus,16.435,16.435
Mustela,Mustela putorius,0.06885,2.6723500000000002
Alluvisorex,Alluvisorex arcadentes,7.6000000000000005,14.785
Stromeriella,Stromeriella franconica,14.895,18.205000000000002
Thalassoleon,Thalassoleon macnallyae,3.0940000000000003,6.2895
Quercygale,Quercygale smithi,51.9,51.9
Phoberogale,Phoberogale shareri,25.615000000000002,25.615000000000002
Leptocyon,Leptocyon douglassi,25.615000000000002,28.55
Negodiaetictis,Negodiaetictis rugatrulleum,14.785,14.785
Eptesicus,Eptesicus praeglacialis,1.6845,2.894
Beckiasorex,Beckiasorex hibbardi,3.35,3.35
Vassacyon,Vassacyon promicrodon,52.2,53.05
Sorex,Sorex margaritodon,1.6845,1.6845
Kamtschatarctos,Kamtschatarctos sinelnikovae,13.789000000000001,13.789000000000001
Enaliarctos,Enaliarctos mitchelli,21.735,21.735
Civettictis,Civettictis civetta,0.00585,3.9605
Dinosorex,Dinosorex pachygnathus,11.925,11.925
Miacis,Miacis cognitus,35.55,35.55
Amphicyon,Amphicyon frendens,14.785,18.2
Desmodus,Desmodus archaeodaptes,1.05,3.35
Messiphoca,Messiphoca mauretanica,6.2895,6.2895
Thyroptera,Thyroptera lavali,15.9,15.9
Smilodon,Smilodon riggii,1.29985,1.29985
Sorex,Sorex leahyi,3.35,3.35
Arctocephalus,Arctocephalus pusillus,0.00585,1.29985
Mustela,Mustela erminea,0.00585,1.05
Sminthosinis,Sminthosinis bowleri,3.35,3.35
Miacis,Miacis rundlei,51.9,51.9
Obashtakaia,Obashtakaia aeruginis,51.9,51.9
Placentidens,Placentidens lotus,51.9,51.9
Puma,Puma yagouaroundi,0.00585,0.06885
Chainodus,Chainodus ulmensis,21.2,21.2
Asionyctia,Asionyctia guoi,57.25,57.25
Alluvisorex,Alluvisorex chasseae,11.95,11.95
Miacis,Miacis deutschi,52.2,53.05
Lophostoma,Lophostoma silvicolum,0.06885,0.06885
Paradomnina,Paradomnina relictus,14.1815,14.785
Pseudocyon,Pseudocyon steinheimensis,14.81,14.81
Martes,Martes foina,0.06885,0.4535
Mammacyon,Mammacyon obtusidens,22.615000000000002,25.615000000000002
Witwatia,Witwatia schlosseri,35.95,35.95
Tyrrhenolutra,Tyrrhenolutra helbingi,7.0165,7.0165
Xenorhinos,Xenorhinos halli,19.5,19.5
Uintacyon,Uintacyon edax,48.25,48.25
Panthera,Panthera gombaszoegensis,0.39635000000000004,3.9605
Amphimachairodus,Amphimachairodus coloradensis,4.4665,14.1815
Pipistrellus,Pipistrellus subflavus,0.06885,3.35
Cecilionycteris,Cecilionycteris prisca,44.55,44.55
Viverricula,Viverricula malaccensis,1.29985,1.29985
Protictis,Protictis minor,62.5,62.5
Protictis,Protictis haydenianus,59.25,62.5
Lutra,Lutra maculicollis,1.294,1.29985
Anatolechinos,Anatolechinos huadianensis,44.55,44.55
Ursus,Ursus arctos,0.00585,1.6845
Monotherium,Monotherium gaudini,12.154,12.809000000000001
Lutra,Lutra bravardi,2.197,2.894
Ailuropoda,Ailuropoda melanoleuca,0.06885,0.4535
Canis,Canis proplatensis,1.6845,1.6845
Conepatus,Conepatus suffocans,1.6845,1.6845
Martes,Martes zibellina,0.00585,0.00585
Moghradictis,Moghradictis nedjema,19.5,19.5
Zaraalestes,Zaraalestes minutus,31.15,31.15
Lasiurus,Lasiurus cinereus,1.05,1.05
Domnina,Domnina gradata,32.05,43.3
Stromeriella,Stromeriella depressa,21.2,21.2
Phoca,Phoca hispida,0.00585,1.29985
Sorex,Sorex cinereus,0.00585,3.35
Ictopidium,Ictopidium lechei,35.55,42.900000000000006
Sorex,Sorex praealpinus,0.4535,3.7
Eptesicus,Eptesicus campanensis,10.399999999999999,14.81
Palaeanodon,Palaeanodon parvulus,56.3,56.3
Anzanycteris,Anzanycteris anzensis,3.35,3.35
Daphoenus,Daphoenus lambei,35.55,38.8
Herpestes,Herpestes abdelalii,3.0940000000000003,3.0940000000000003
Parapternodus,Parapternodus antiquus,53.05,53.05
Promartes,Promartes olcotti,22.615000000000002,25.55
Alopecocyon,Alopecocyon leardi,11.95,11.95
Daphoenodon,Daphoenodon superbus,22.615000000000002,22.615000000000002
Seia,Seia shahi,44.55,44.55
Sorex,Sorex yatkolai,7.6000000000000005,7.6000000000000005
Temnocyon,Temnocyon altigenis,25.615000000000002,32.05
Miacis,Miacis parvivorus,48.25,53.05
Pakkokuhyus,Pakkokuhyus lahirii,39.65,39.65
Urocyon,Urocyon progressus,3.35,3.35
Quercylurus,Quercylurus major,25.565,31.15
Asiapternodus,Asiapternodus mackennai,42.900000000000006,42.900000000000006
Wyonycteris,Wyonycteris chalix,56.3,57.25
Oxetocyon,Oxetocyon cuspidatus,32.05,32.05
Prionogale,Prionogale breviceps,18.205000000000002,18.205000000000002
Adelpharctos,Adelpharctos ginsburgi,25.715,25.715
Plesiodimylus,Plesiodimylus crassidens,11.925,16.435
Palaeogale,Palaeogale hyaenoides,16.435,16.435
Oodectes,Oodectes herpestoides,48.25,48.25
Rhinolophus,Rhinolophus yongyuthi,13.789000000000001,13.789000000000001
Cernictis,Cernictis repenningi,7.6000000000000005,7.6000000000000005
Paratomarctus,Paratomarctus euthos,9.25,14.1815
Changlelestes,Changlelestes dissetiformis,52.2,52.2
Sorex,Sorex subminutus,2.6723500000000002,3.9605
Arctodus,Arctodus simus,0.063,3.35
Daphoenodon,Daphoenodon (Borocyon) neomexicanus,22.615000000000002,22.615000000000002
Sarmatonectes,Sarmatonectes sintsovi,12.154,12.154
Proscalops,Proscalops intermedius,25.615000000000002,25.615000000000002
Allodesmus,Allodesmus kernensis,14.895,25.565
Uintacyon,Uintacyon massetericus,53.05,53.05
Enhydriodon,Enhydriodon dikikae,4.4665,4.4665
Temnocyon,Temnocyon percussor,22.615000000000002,22.615000000000002
Martes,Martes kinseyi,14.785,14.785
Noctilio,Noctilio leporinus,0.00585,0.00585
Monachopsis,Monachopsis pontica,9.433,12.719999999999999
Daphoenus,Daphoenus socialis,18.2,18.2
Praepusa,Praepusa vindobonensis,8.470500000000001,14.895
Pogonodon,Pogonodon platycopis,25.615000000000002,25.615000000000002
Dusicyon,Dusicyon culpaeus,1.29985,1.29985
Epoicotherium,Epoicotherium unicum,35.55,35.55
Tubulodon,Tubulodon atopum,52.2,53.05
Phoberocyon,Phoberocyon johnhenryi,18.2,18.2
Viverravus,Viverravus lutosus,48.25,53.05
Cyonasua,Cyonasua pascuali,7.9,7.9
Vulpavus,Vulpavus profectus,48.25,48.25
Pachyphoca,Pachyphoca chapskii,12.719999999999999,12.719999999999999
Mixopteryx,Mixopteryx weithoferi,31.15,31.15
Palaeonictis,Palaeonictis occidentalis,52.2,56.3
Hemicyon,Hemicyon sansaniensis,11.608,18.205000000000002
Cyrnaonyx,Cyrnaonyx antiqua,0.4535,0.4535
Paralutra,Paralutra garganensis,8.470500000000001,8.470500000000001
Nimravus,Nimravus mongoliensis,35.55,35.55
Quadratodon,Quadratodon sigei,63.8,63.8
Paranourosorex,Paranourosorex gigas,4.550000000000001,4.550000000000001
Dinaelurus,Dinaelurus crassus,25.615000000000002,25.615000000000002
Praepusa,Praepusa boeska,4.4665,4.4665
Brachypsalis,Brachypsalis pachycephalus,14.1815,14.785
Leptarctus,Leptarctus wortmani,10.435,11.95
Pseudaelurus,Pseudaelurus stouti,14.785,14.785
Dinosorex,Dinosorex huerzeleri,25.715,25.715
Turkodimylus,Turkodimylus hartogi,19.5,19.5
Didymictis,Didymictis altidens,48.25,53.05
Cynelos,Cynelos caroniavorus,18.2,18.2
Harpagophagus,Harpagophagus sanguinensis,31.15,31.15
Carpocyon,Carpocyon webbi,7.6000000000000005,14.785
Promartes,Promartes darbyi,25.55,25.55
Puijila,Puijila darwini,21.735,21.735
Phlaocyon,Phlaocyon mariae,18.2,18.2
Miacis,Miacis exiguus,48.25,53.05
Mionictis,Mionictis incertus,18.2,18.2
Plesiosorex,Plesiosorex schaffneri,10.399999999999999,11.925
Carpocyon,Carpocyon compressus,13.135000000000002,14.785
Mustela,Mustela reliquus,0.06885,0.06885
Oxyaena,Oxyaena intermedia,52.2,53.05
Platyphoca,Platyphoca danica,9.433,9.433
Oodectes,Oodectes jepseni,53.05,53.05
Cynotherium,Cynotherium sardous,0.06885,1.80585
Mephitis,Mephitis rexroadensis,3.35,3.35
Mephitis,Mephitis mephitis,0.00585,3.35
Sorex,Sorex merriami,0.06885,0.06885
Darbonetus,Darbonetus tuberi,25.565,25.565
Megalenhydris,Megalenhydris barbaricina,0.06885,0.06885
Ernanodon,Ernanodon antelios,57.25,58.75
Dinogale,Dinogale siouxensis,18.2,18.2
Hyaenictis,Hyaenictis preforfex,3.0940000000000003,4.917
Procyon,Procyon rexroadensis,3.35,3.35
Qarunycteris,Qarunycteris moerisae,35.95,35.95
Dinosorex,Dinosorex sansaniensis,13.2,14.895
Leptarctus,Leptarctus primus,14.1815,14.785
Nyctitherium,Nyctitherium serotinum,43.3,53.05
Tadarida,Tadarida engesseri,13.2,13.2
Plesiosorex,Plesiosorex coloradensis,18.2,18.2
Saturninia,Saturninia beata,35.55,39.65
Proneotherium,Proneotherium repenningi,18.205000000000002,18.205000000000002
Pliocyon,Pliocyon medius,14.785,18.2
Borophagus,Borophagus littoralis,11.95,14.1815
Martes,Martes foxi,3.35,3.35
Herpestes,Herpestes sanguineus,0.00585,1.29985
Procynodictis,Procynodictis progressus,43.3,43.3
Uintacyon,Uintacyon jugulans,48.25,48.25
Palaeonictis,Palaeonictis peloria,56.3,56.3
Buisnictis,Buisnictis breviramus,3.35,3.35
Tubulodon,Tubulodon woodi,48.25,53.05
Nasua,Nasua nasua,0.00585,0.00585
Protoprocyon,Protoprocyon savagei,11.95,11.95
Potos,Potos flavus,0.00585,0.00585
Arctocephalus,Arctocephalus townsendi,0.00585,0.00585
Edaphocyon,Edaphocyon pointblankensis,14.785,14.785
Plionictis,Plionictis oaxacaensis,14.785,14.785
Honrovits,Honrovits tsuwape,53.05,53.05
Brachypsalis,Brachypsalis matutinus,18.2,18.2
Antrozous,Antrozous pallidus,0.00585,7.6000000000000005
Pachycynodon,Pachycynodon crassirostris,31.15,31.15
Pteronarctos,Pteronarctos goedertae,13.789000000000001,18.205000000000002
Eotaria,Eotaria crypta,17.130000000000003,17.130000000000003
Crusafontina,Crusafontina minima,11.95,11.95
Procyon,Procyon cancrivorus,0.00585,0.063
Ambloctonus,Ambloctonus major,53.05,53.05
Palmidophoca,Palmidophoca callirhoe,14.895,14.895
Brachianodon,Brachianodon westorum,48.25,48.25
Balantiopteryx,Balantiopteryx io,0.06885,0.06885
Simamphicyon,Simamphicyon helveticus,39.65,39.65
Megantereon,Megantereon whitei,1.29985,3.0940000000000003
Stenogale,Stenogale bransatensis,25.715,25.715
Piscophoca,Piscophoca pacifica,6.2895,6.2895
Blarina,Blarina carolinensis,0.06885,3.35
Canis,Canis ferox,3.35,7.6000000000000005
Vespertiliavus,Vespertiliavus lapradei,44.5,44.5
Miacis,Miacis hookwayi,43.3,43.3
Notonycteris,Notonycteris sucharadeus,12.8,15.9
Hoplophoneus,Hoplophoneus occidentalis,33.599999999999994,33.599999999999994
Macroderma,Macroderma koppa,4.4665,4.4665
Australophoca,Australophoca changorum,8.4765,9.433
Cyonasua,Cyonasua groeberi,6.5,6.5
Vulpes,Vulpes stenognathus,1.05,14.785
Mustelictis,Mustelictis olivieri,31.15,31.15
Sorex,Sorex hibbardi,3.7,3.7
Plithocyon,Plithocyon ursinus,14.1815,14.785
Odobenus,Odobenus rosmarus,0.00585,7.098000000000001
Nyctitherium,Nyctitherium velox,48.25,48.25
Ailuropoda,Ailuropoda wulingshanensis,1.6845,1.6845
Kiotomops,Kiotomops lopezi,12.8,12.8
Paralutra,Paralutra lorteti,16.435,16.435
Enhydriodon,Enhydriodon sivalensis,3.0940000000000003,3.9605
Euoplocyon,Euoplocyon spissidens,18.2,18.2
Eusmilus,Eusmilus villebramarensis,31.15,31.15
Clapasorex,Clapasorex alvarezae,13.789000000000001,18.45
Cynarctoides,Cynarctoides lemur,22.615000000000002,28.55
