Accipiter,Accipiter fasciatus,0.00585,0.00585
Aegotheles,Aegotheles novaezealandiae,0.00585,0.063
Alca,Alca torda,0.00585,9.433
Alle,Alle alle,0.00585,1.29985
Anas,Anas platyrhynchos,0.00585,4.4665
Anomalopteryx,Anomalopteryx didiformis,0.00585,1.294
Anthochaera,Anthochaera carunculata,0.00585,0.00585
Anthochaera,Anthochaera chrysoptera,0.00585,0.00585
Apteribis,Apteribis brevis,0.00585,0.00585
Apteribis,Apteribis glenos,0.00585,0.06885
Ardea,Ardea herodias,0.00585,0.156
Asio,Asio flammeus,0.00585,1.6845
Atlantisia,Atlantisia podarces,0.00585,1.29985
Branta,Branta canadensis,0.00585,3.35
Branta,Branta hylobadistes,0.00585,0.06885
Bulweria,Bulweria bifax,0.00585,1.29985
Buteo,Buteo buteo,0.00585,0.4535
Cacatua,Cacatua roseicapilla,0.00585,0.00585
Cacatua,Cacatua tenuirostris,0.00585,0.00585
Caracara,Caracara creightoni,0.00585,1.29985
Cathartes,Cathartes aura,0.00585,1.29985
Cepphus,Cepphus columba,0.00585,0.06885
Charadrius,Charadrius sanctaehelenae,0.00585,1.29985
Chelychelynechen,Chelychelynechen quassus,0.00585,0.00585
Cinclosoma,Cinclosoma punctatum,0.00585,0.00585
Corvus,Corvus corax,0.00585,1.29985
Coturnix,Coturnix novaezelandiae,0.00585,0.06885
Dasyornis,Dasyornis brachypterus,0.00585,0.00585
Emeus,Emeus crassus,0.00585,0.06885
Eudyptes,Eudyptes pachyrhynchus,0.00585,0.06885
Eudyptula,Eudyptula minor,0.00585,0.06885
Falco,Falco cenchroides,0.00585,0.00585
Falco,Falco sparverius,0.00585,3.35
Fratercula,Fratercula arctica,0.00585,4.4665
Fratercula,Fratercula cirrhata,0.00585,4.4665
Fratercula,Fratercula corniculata,0.00585,0.00585
Fregata,Fregata ariel,0.00585,0.00585
Fregata,Fregata minor,0.00585,0.00585
Fulica,Fulica americana,0.00585,3.35
Fulmarus,Fulmarus glacialis,0.00585,1.29985
Gallinula,Gallinula chloropus,0.00585,3.0940000000000003
Gallinula,Gallinula mortierii,0.00585,1.29985
Gallirallus,Gallirallus australis,0.00585,1.294
Gallus,Gallus gallus,0.00585,0.00585
Gavia,Gavia immer,0.00585,1.29985
Geochen,Geochen rhuax,0.00585,0.00585
Glossopsitta,Glossopsitta concinna,0.00585,0.00585
Grallistrix,Grallistrix auceps,0.00585,0.00585
Grallistrix,Grallistrix erdmani,0.00585,0.00585
Gygis,Gygis alba,0.00585,1.29985
Haliaeetus,Haliaeetus albicilla,0.00585,1.29985
Haliaeetus,Haliaeetus leucocephalus,0.00585,1.29985
Hemiphaga,Hemiphaga novaeseelandiae,0.00585,0.06885
Larus,Larus dominicanus,0.00585,0.06885
Larus,Larus novaehollandiae,0.00585,0.06885
Megadyptes,Megadyptes waitaha,0.00585,0.00585
Melanitta,Melanitta fusca,0.00585,1.29985
Melanitta,Melanitta nigra,0.00585,4.4665
Meleagris,Meleagris gallopavo,0.00585,1.29985
Melospiza,Melospiza melodia,0.00585,3.35
Mergus,Mergus merganser,0.00585,3.35
Mergus,Mergus serrator,0.00585,4.4665
Moho,Moho braccatus,0.00585,0.00585
Nannococcyx,Nannococcyx psix,0.00585,0.00585
Numenius,Numenius tahitiensis,0.00585,0.06885
Nyctanassa,Nyctanassa violacea,0.00585,3.35
Oceanodroma,Oceanodroma castro,0.00585,1.29985
Pachyornis,Pachyornis elephantopus,0.00585,1.294
Papasula,Papasula abbotti,0.00585,0.00585
Pelagodroma,Pelagodroma marina,0.00585,1.29985
Pelecanus,Pelecanus cadimurka,0.00585,0.00585
Pelecanus,Pelecanus proavus,0.00585,0.06885
Pelecanus,Pelecanus tirarensis,0.00585,20.003999999999998
Phaethon,Phaethon aethereus,0.00585,0.00585
Phaethon,Phaethon lepturus,0.00585,0.00585
Phalacrocorax,Phalacrocorax carbo,0.00585,1.29985
Phalacrocorax,Phalacrocorax pelagicus,0.00585,1.29985
Phaps,Phaps chalcoptera,0.00585,0.063
Phaps,Phaps elegans,0.00585,0.00585
Pinguinus,Pinguinus impennis,0.00585,1.6845
Platycercus,Platycercus elegans,0.00585,0.00585
Podilymbus,Podilymbus podiceps,0.00585,3.35
Porzana,Porzana astrictocarpus,0.00585,1.29985
Porzana,Porzana keplerorum,0.00585,0.00585
Porzana,Porzana menehune,0.00585,0.00585
Porzana,Porzana severnsi,0.00585,0.00585
Ptaiochen,Ptaiochen pau,0.00585,0.00585
Pterodroma,Pterodroma cahow,0.00585,0.00585
Pterodroma,Pterodroma hypoleuca,0.00585,0.06885
Pterodroma,Pterodroma rupinarum,0.00585,1.29985
Ptilonorhynchus,Ptilonorhynchus violaceus,0.00585,0.00585
Ptychoramphus,Ptychoramphus aleuticus,0.00585,3.35
Puffinus,Puffinus lherminieri,0.00585,4.4665
Puffinus,Puffinus pacificus,0.00585,0.00585
Pygoscelis,Pygoscelis papua,0.00585,0.00585
Rallus,Rallus longirostris,0.00585,3.35
Rallus,Rallus philippensis,0.00585,0.4535
Raphus,Raphus cucullatus,0.00585,0.00585
Rhea,Rhea americana,0.00585,0.06885
Rissa,Rissa tridactyla,0.00585,1.29985
Somateria,Somateria mollissima,0.00585,4.4665
Spheniscus,Spheniscus demersus,0.00585,0.4535
Sterna,Sterna fuscata,0.00585,1.29985
Struthio,Struthio camelus,0.00585,1.29985
Sula,Sula dactylatra,0.00585,1.29985
Sula,Sula sula,0.00585,0.00585
Synthliboramphus,Synthliboramphus antiquus,0.00585,1.29985
Turnix,Turnix varia,0.00585,1.29985
Tyto,Tyto alba,0.00585,3.35
Uria,Uria aalge,0.00585,1.29985
Uria,Uria lomvia,0.00585,0.00585
Accipiter,Accipiter gentilis,0.063,0.4535
Accipiter,Accipiter striatus,0.063,0.156
Aegolius,Aegolius acadicus,0.063,0.156
Anas,Anas acuta,0.063,4.4665
Anas,Anas crecca,0.063,3.35
Anthornis,Anthornis melanura,0.063,0.06885
Aquila,Aquila chrysaetos,0.063,2.894
Bonasa,Bonasa umbellus,0.063,1.05
Bubo,Bubo sinclairi,0.063,0.06885
Bubo,Bubo virginianus,0.063,3.35
Buteo,Buteo jamaicensis,0.063,4.4665
Caracara,Caracara plancus,0.063,1.29985
Cnemiornis,Cnemiornis calcitrans,0.063,0.06885
Colaptes,Colaptes auratus,0.063,3.35
Colinus,Colinus virginianus,0.063,3.35
Columba,Columba livia,0.063,3.9605
Colymbus,Colymbus nigricollis,0.063,1.29985
Cyanocitta,Cyanocitta cristata,0.063,3.35
Dendragapus,Dendragapus obscurus,0.063,0.06885
Dendrocygna,Dendrocygna arborea,0.063,0.063
Dendrocygna,Dendrocygna autumnalis,0.063,1.29985
Dinornis,Dinornis struthoides,0.063,1.294
Ectopistes,Ectopistes migratorius,0.063,4.4665
Euryapteryx,Euryapteryx geranoides,0.063,1.294
Falco,Falco mexicanus,0.063,0.06885
Fulica,Fulica podagrica,0.063,0.063
Grus,Grus canadensis,0.063,3.35
Grus,Grus grus,0.063,1.29985
Neochen,Neochen barbadiana,0.063,0.063
Otus,Otus asio,0.063,3.35
Petroica,Petroica australis,0.063,0.06885
Prosthemadera,Prosthemadera novaeseelandiae,0.063,0.06885
Rhipidura,Rhipidura fuliginosa,0.063,0.063
Teratornis,Teratornis merriami,0.063,1.29985
Turdus,Turdus migratorius,0.063,0.06885
Turnagra,Turnagra capensis,0.063,0.06885
Zenaida,Zenaida macroura,0.063,3.35
Accipiter,Accipiter cooperi,0.06885,0.06885
Accipiter,Accipiter nisus,0.06885,1.29985
Actitis,Actitis macularia,0.06885,3.35
Aechmophorus,Aechmophorus occidentalis,0.06885,1.29985
Aegolius,Aegolius gradyi,0.06885,0.06885
Agelaius,Agelaius phoeniceus,0.06885,3.35
Aix,Aix sponsa,0.06885,3.35
Amplibuteo,Amplibuteo hibbardi,0.06885,0.06885
Anabernicula,Anabernicula oregonensis,0.06885,0.06885
Anas,Anas americana,0.06885,4.4665
Anas,Anas amotape,0.06885,0.06885
Anas,Anas carolinensis,0.06885,1.29985
Anas,Anas chlorotis,0.06885,1.294
Anas,Anas clypeata,0.06885,4.4665
Anas,Anas cyanoptera,0.06885,3.35
Anas,Anas discors,0.06885,4.4665
Anas,Anas gracilipes,0.06885,0.06885
Anas,Anas itchtucknee,0.06885,0.06885
Anas,Anas sanctaehelenae,0.06885,0.06885
Anas,Anas schneideri,0.06885,0.06885
Anas,Anas talarae,0.06885,0.06885
Anhinga,Anhinga anhinga,0.06885,1.29985
Anser,Anser albifrons,0.06885,1.29985
Aphelocoma,Aphelocoma coerulescens,0.06885,3.35
Archaeocycnus,Archaeocycnus lacustris,0.06885,0.06885
Arenaria,Arenaria interpres,0.06885,1.29985
Asio,Asio priscus,0.06885,0.06885
Asturaetus,Asturaetus furcillatus,0.06885,0.06885
Aythya,Aythya affinis,0.06885,4.4665
Aythya,Aythya americana,0.06885,1.29985
Aythya,Aythya collaris,0.06885,3.35
Aythya,Aythya valisineria,0.06885,3.35
Bartramia,Bartramia longicauda,0.06885,1.29985
Baza,Baza gracilis,0.06885,0.06885
Belonopterus,Belonopterus edmondi,0.06885,0.06885
Botaurus,Botaurus lentiginosus,0.06885,3.35
Branta,Branta bernicla,0.06885,4.4665
Branta,Branta hypsibata,0.06885,0.06885
Branta,Branta propinqua,0.06885,1.29985
Bubo,Bubo insularis,0.06885,0.4535
Bucephala,Bucephala albeola,0.06885,4.4665
Buteo,Buteo lineatus,0.06885,1.29985
Buteo,Buteo platypterus,0.06885,0.06885
Buteo,Buteo swainsoni,0.06885,0.06885
Butorides,Butorides virescens,0.06885,1.05
Calidris,Calidris melanotos,0.06885,4.4665
Callaeas,Callaeas cinerea,0.06885,0.06885
Caprimulgus,Caprimulgus piurensis,0.06885,0.06885
Cardinalis,Cardinalis cardinalis,0.06885,3.35
Catharista,Catharista shastensis,0.06885,0.06885
Catoptrophorus,Catoptrophorus semipalmatus,0.06885,1.29985
Charadrius,Charadrius bicinctus,0.06885,1.29985
Charadrius,Charadrius obscurus,0.06885,0.06885
Charadrius,Charadrius semipalmatus,0.06885,1.29985
Charadrius,Charadrius vociferus,0.06885,1.29985
Chen,Chen caerulescens,0.06885,1.29985
Chen,Chen hyperborea,0.06885,1.29985
Chen,Chen rossii,0.06885,0.06885
Chendytes,Chendytes lawi,0.06885,1.29985
Chenonetta,Chenonetta finschi,0.06885,1.294
Ciconia,Ciconia maltha,0.06885,3.35
Coccyzus,Coccyzus americanus,0.06885,3.35
Coenocorypha,Coenocorypha iredalei,0.06885,0.06885
Colinus,Colinus suilium,0.06885,3.35
Colymbus,Colymbus parvus,0.06885,3.0940000000000003
Contopus,Contopus virens,0.06885,0.06885
Coragyps,Coragyps atratus,0.06885,3.35
Corvus,Corvus brachyrhynchos,0.06885,1.29985
Corvus,Corvus moriorum,0.06885,0.06885
Corvus,Corvus ossifragus,0.06885,4.4665
Cremaster,Cremaster tytthus,0.06885,0.06885
Cygnus,Cygnus atratus,0.06885,0.06885
Cygnus,Cygnus columbianus,0.06885,4.4665
Cygnus,Cygnus paloregonus,0.06885,0.06885
Dendrocopos,Dendrocopos pubescens,0.06885,0.06885
Dinornis,Dinornis giganteus,0.06885,0.06885
Dorypaltus,Dorypaltus prophatus,0.06885,0.06885
Dromaius,Dromaius novaehollandiae,0.06885,2.7295000000000003
Dumetella,Dumetella carolinensis,0.06885,1.05
Eremophila,Eremophila alpestris,0.06885,1.29985
Erolia,Erolia minutilla,0.06885,0.06885
Eudocimus,Eudocimus peruvianus,0.06885,0.06885
Falco,Falco novaeseelandiae,0.06885,0.06885
Falco,Falco oregonus,0.06885,0.06885
Falco,Falco readi,0.06885,0.06885
Fratercula,Fratercula dowi,0.06885,1.29985
Fulica,Fulica minor,0.06885,1.29985
Fulica,Fulica prisca,0.06885,1.294
Gallinago,Gallinago gallinago,0.06885,3.35
Gallinula,Gallinula brodkorbi,0.06885,0.06885
Gavia,Gavia arctica,0.06885,0.156
Geronogyps,Geronogyps reliquus,0.06885,0.06885
Grallistrix,Grallistrix geleches,0.06885,0.06885
Grallistrix,Grallistrix orion,0.06885,0.06885
Grus,Grus americana,0.06885,4.4665
Gymnogyps,Gymnogyps californianus,0.06885,1.29985
Gymnogyps,Gymnogyps howardae,0.06885,0.06885
Haematopus,Haematopus finschi,0.06885,0.06885
Haematopus,Haematopus unicolor,0.06885,0.06885
Harpagornis,Harpagornis moorei,0.06885,0.06885
Hymenolaimus,Hymenolaimus malacorhynchos,0.06885,0.06885
Jabiru,Jabiru mycteria,0.06885,0.06885
Jacana,Jacana spinosa,0.06885,0.156
Junco,Junco hyemalis,0.06885,3.35
Larus,Larus atricilla,0.06885,4.4665
Larus,Larus californicus,0.06885,1.29985
Larus,Larus oregonus,0.06885,1.29985
Larus,Larus robustus,0.06885,1.29985
Laterallus,Laterallus guti,0.06885,0.156
Leptoptilos,Leptoptilos robustus,0.06885,0.06885
Leptoptilos,Leptoptilos titan,0.06885,0.06885
Leucocarbo,Leucocarbo carunculatus,0.06885,0.06885
Limnodromus,Limnodromus scolopaceus,0.06885,2.6
Lophodytes,Lophodytes cucullatus,0.06885,1.29985
Loxia,Loxia curvirostra,0.06885,0.06885
Megaceryle,Megaceryle alcyon,0.06885,0.06885
Megadyptes,Megadyptes antipodes,0.06885,0.06885
Melanerpes,Melanerpes carolinus,0.06885,0.06885
Melanerpes,Melanerpes erythrocephalus,0.06885,1.05
Melanitta,Melanitta perspicillata,0.06885,4.4665
Meleagris,Meleagris tridens,0.06885,0.06885
Mergus,Mergus australis,0.06885,0.06885
Micropalama,Micropalama chapmani,0.06885,0.06885
Milvago,Milvago brodkorbi,0.06885,0.06885
Milvago,Milvago chimachima,0.06885,0.06885
Miraquila,Miraquila terrestris,0.06885,0.06885
Molothrus,Molothrus ater,0.06885,3.35
Mycteria,Mycteria wetmorei,0.06885,0.06885
Nannonetta,Nannonetta invisitata,0.06885,0.06885
Neophrontops,Neophrontops americanus,0.06885,1.29985
Nestor,Nestor meridionalis,0.06885,0.06885
Nestor,Nestor notabilis,0.06885,0.06885
Nettapus,Nettapus eyrensis,0.06885,0.06885
Numenius,Numenius borealis,0.06885,4.4665
Nuntius,Nuntius solitarius,0.06885,0.06885
Oceanodroma,Oceanodroma homochroa,0.06885,0.06885
Olar,Olar buccinator,0.06885,1.05
Oreortyx,Oreortyx picta,0.06885,0.06885
Oxyura,Oxyura jamaicensis,0.06885,0.06885
Pachyptila,Pachyptila turtur,0.06885,0.06885
Palaeophoyx,Palaeophoyx columbiana,0.06885,0.06885
Pandanaris,Pandanaris convexa,0.06885,0.156
Parapavo,Parapavo californicus,0.06885,3.35
Passerculus,Passerculus sandwichensis,0.06885,3.35
Passerella,Passerella iliaca,0.06885,0.06885
Pelecanoides,Pelecanoides urinatrix,0.06885,0.06885
Pelecanus,Pelecanus erythrorhynchos,0.06885,1.05
Pelecanus,Pelecanus grandiceps,0.06885,0.06885
Pelecanus,Pelecanus occidentalis,0.06885,0.06885
Perisoreus,Perisoreus canadensis,0.06885,1.05
Petrochelidon,Petrochelidon pyrrhonota,0.06885,0.06885
Phaeornis,Phaeornis obscurus,0.06885,0.06885
Phalacrocorax,Phalacrocorax auritus,0.06885,3.0940000000000003
Phalacrocorax,Phalacrocorax bougainvillii,0.06885,3.0940000000000003
Phalacrocorax,Phalacrocorax macropus,0.06885,1.29985
Phalacrocorax,Phalacrocorax penicillatus,0.06885,0.156
Phalacrocorax,Phalacrocorax varius,0.06885,0.06885
Philesturnus,Philesturnus carunculatus,0.06885,0.06885
Phoenicopterus,Phoenicopterus copei,0.06885,1.29985
Pica,Pica pica,0.06885,1.29985
Picoides,Picoides villosus,0.06885,3.35
Piranga,Piranga olivacea,0.06885,0.06885
Plegadis,Plegadis chihi,0.06885,0.06885
Plotus,Plotus laticeps,0.06885,0.06885
Pluvialis,Pluvialis dominica,0.06885,1.29985
Pluvialis,Pluvialis squatarola,0.06885,4.4665
Podiceps,Podiceps auritus,0.06885,14.785
Podiceps,Podiceps caspicus,0.06885,1.29985
Porzana,Porzana auffenbergi,0.06885,0.156
Porzana,Porzana ralphorum,0.06885,0.06885
Porzana,Porzana ziegleri,0.06885,0.06885
Protocitta,Protocitta dixi,0.06885,0.156
Pterodroma,Pterodroma inexpectata,0.06885,0.06885
Pterodroma,Pterodroma jugabilis,0.06885,0.06885
Pterodroma,Pterodroma phaeopygia,0.06885,0.06885
Puffinus,Puffinus gavia,0.06885,0.06885
Puffinus,Puffinus griseus,0.06885,1.29985
Puffinus,Puffinus holeae,0.06885,0.06885
Puffinus,Puffinus opisthomelas,0.06885,1.29985
Puffinus,Puffinus puffinus,0.06885,4.4665
Puffinus,Puffinus tenuirostris,0.06885,4.4665
Pyrrhocorax,Pyrrhocorax graculus,0.06885,1.29985
Querquedula,Querquedula floridiana,0.06885,0.06885
Quiscalus,Quiscalus major,0.06885,0.06885
Quiscalus,Quiscalus quiscula,0.06885,0.156
Rallus,Rallus elegans,0.06885,1.05
Rallus,Rallus hodgeni,0.06885,0.06885
Rallus,Rallus limicola,0.06885,3.35
Rallus,Rallus recessus,0.06885,0.06885
Rhea,Rhea pampeana,0.06885,0.06885
Sarcoramphus,Sarcoramphus fischeri,0.06885,0.06885
Sayornis,Sayornis phoebe,0.06885,0.06885
Sceloglaux,Sceloglaux albifacies,0.06885,1.294
Scolopax,Scolopax minor,0.06885,0.06885
Shiriyanetta,Shiriyanetta hasegawai,0.06885,0.06885
Sitta,Sitta canadensis,0.06885,0.06885
Speotyto,Speotyto cunicularia,0.06885,3.35
Spizella,Spizella pusilla,0.06885,1.05
Stictocarbo,Stictocarbo punctatus,0.06885,0.06885
Strix,Strix varia,0.06885,3.35
Synthliboramphus,Synthliboramphus hypoleucus,0.06885,0.06885
Syrigma,Syrigma sanctimartini,0.06885,0.06885
Tachycineta,Tachycineta speleodytes,0.06885,0.06885
Tadorna,Tadorna variegata,0.06885,0.06885
Thalassarche,Thalassarche bulleri,0.06885,0.06885
Thambetochen,Thambetochen chauliodous,0.06885,0.06885
Thambetochen,Thambetochen xanion,0.06885,0.06885
Theristicus,Theristicus wetmorei,0.06885,0.06885
Thinocorus,Thinocorus koepckae,0.06885,0.06885
Toxostoma,Toxostoma rufum,0.06885,1.05
Tringa,Tringa ameghini,0.06885,0.06885
Tympanuchus,Tympanuchus cupido,0.06885,0.06885
Tympanuchus,Tympanuchus pallidicinctus,0.06885,1.29985
Viator,Viator picis,0.06885,0.06885
Vultur,Vultur gryphus,0.06885,1.6845
Xanthocephalus,Xanthocephalus xanthocephalus,0.06885,0.156
Zonotrichia,Zonotrichia albicollis,0.06885,1.05
Zonotrichia,Zonotrichia leucophrys,0.06885,3.35
Cistothorus,Cistothorus brevis,0.156,0.156
Ixobrychus,Ixobrychus exilis,0.156,3.35
Moris,Moris reyana,0.156,1.29985
Podiceps,Podiceps dixi,0.156,0.156
Quiscalus,Quiscalus mexicanus,0.156,0.156
Cathartes,Cathartes fossilis,0.3965,0.3965
Lagopterus,Lagopterus minutus,0.3965,0.3965
Phalacrocorax,Phalacrocorax brasilianus,0.3965,0.3965
Sarcorhamphus,Sarcorhamphus fossilis,0.3965,0.3965
Aegolius,Aegolius martae,0.4535,0.4535
Buteo,Buteo rufinus,0.4535,0.4535
Porzana,Porzana porzana,0.4535,1.29985
Tringa,Tringa ochropus,0.4535,4.4665
Tyto,Tyto balearica,0.4535,3.9605
Tyto,Tyto mourerchauvireae,0.4535,0.4535
Agriocharis,Agriocharis anza,1.05,1.05
Ajaia,Ajaia chione,1.05,1.05
Amplibuteo,Amplibuteo concordatus,1.05,3.35
Amplibuteo,Amplibuteo woodwardi,1.05,1.05
Anabernicula,Anabernicula gracilenta,1.05,3.35
Aythya,Aythya marila,1.05,1.29985
Chondestes,Chondestes grammacus,1.05,1.29985
Eudocimus,Eudocimus leiseyi,1.05,1.05
Gavia,Gavia concinna,1.05,14.785
Gymnogyps,Gymnogyps kofordi,1.05,1.05
Otus,Otus guildayi,1.05,1.05
Phalacrocorax,Phalacrocorax idahensis,1.05,14.785
Scolopax,Scolopax hutchensi,1.05,3.35
Puffinus,Puffinus spelaeus,1.294,1.294
Anser,Anser condoni,1.29985,1.29985
Aquila,Aquila pliogryps,1.29985,1.29985
Aquila,Aquila sodalis,1.29985,1.29985
Ardea,Ardea cinerea,1.29985,4.4665
Ardea,Ardea paloccidentalis,1.29985,1.29985
Bathoceleus,Bathoceleus hyphalus,1.29985,1.29985
Branta,Branta ruficollis,1.29985,1.29985
Burhinus,Burhinus nanus,1.29985,1.29985
Calonectris,Calonectris diomedea,1.29985,4.4665
Corvus,Corvus annectens,1.29985,1.29985
Corvus,Corvus wetmorei,1.29985,1.29985
Dendragapus,Dendragapus gillii,1.29985,1.29985
Dysmoropelia,Dysmoropelia dekarchiskos,1.29985,1.29985
Ephippiorhynchus,Ephippiorhynchus asiaticus,1.29985,1.29985
Glaucidium,Glaucidium dickinsoni,1.29985,1.29985
Grus,Grus antigone,1.29985,4.4665
Gypaetus,Gypaetus barbatus,1.29985,1.29985
Larus,Larus argentatus,1.29985,4.4665
Larus,Larus delawarensis,1.29985,4.4665
Leptoptilos,Leptoptilos dubius,1.29985,1.29985
Meleagris,Meleagris richmondi,1.29985,1.29985
Ornimegalonyx,Ornimegalonyx oteroi,1.29985,1.29985
Otus,Otus providentiae,1.29985,1.29985
Oxyura,Oxyura zapatanima,1.29985,1.29985
Pavo,Pavo muticus,1.29985,1.29985
Phalacrocorax,Phalacrocorax chapalensis,1.29985,1.29985
Phalacrocorax,Phalacrocorax goletensis,1.29985,6.050000000000001
Pleistorallus,Pleistorallus flemingi,1.29985,1.29985
Puffinus,Puffinus pacificoides,1.29985,4.4665
Scolecophagus,Scolecophagus affinis,1.29985,1.29985
Stercorarius,Stercorarius longicaudus,1.29985,4.4665
Struthio,Struthio asiaticus,1.29985,12.719999999999999
Sula,Sula willetti,1.29985,14.1815
Tadorna,Tadorna tadornoides,1.29985,1.29985
Tringa,Tringa fuscicollis,1.29985,1.29985
Tympanuchus,Tympanuchus lulli,1.29985,1.29985
Upupa,Upupa antaios,1.29985,1.29985
Uria,Uria affinis,1.29985,1.29985
Aptenodytes,Aptenodytes ridgeni,2.0149999999999997,2.0149999999999997
Marplesornis,Marplesornis novaezealandiae,2.0149999999999997,2.0149999999999997
Pygoscelis,Pygoscelis tyreei,2.0149999999999997,2.0149999999999997
Pica,Pica mourerae,2.1905,2.1905
Aizengyps,Aizengyps toomeyae,2.6,2.6
Ceryle,Ceryle torquata,2.6,2.6
Colymbus,Colymbus portisi,2.6723500000000002,2.6723500000000002
Corvus,Corvus pliocaenus,2.6723500000000002,2.6723500000000002
Phalacrocorax,Phalacrocorax destefanii,2.6723500000000002,2.6723500000000002
Athene,Athene veta,2.894,3.9605
Mancalla,Mancalla lucasi,3.057,4.4665
Alca,Alca ausonia,3.0940000000000003,4.4665
Brachyramphus,Brachyramphus dunkeli,3.0940000000000003,3.35
Cerorhinca,Cerorhinca reai,3.0940000000000003,3.35
Chen,Chen pressa,3.0940000000000003,3.0940000000000003
Cygnus,Cygnus hibbardi,3.0940000000000003,3.0940000000000003
Falco,Falco pisanus,3.0940000000000003,3.0940000000000003
Gavia,Gavia howardae,3.0940000000000003,4.4665
Larus,Larus lacus,3.0940000000000003,3.0940000000000003
Larus,Larus perpetuus,3.0940000000000003,3.0940000000000003
Mancalla,Mancalla californiensis,3.0940000000000003,4.4665
Mancalla,Mancalla diegense,3.0940000000000003,4.4665
Mancalla,Mancalla vergrandis,3.0940000000000003,3.0940000000000003
Morus,Morus humeralis,3.0940000000000003,3.35
Morus,Morus recentior,3.0940000000000003,3.35
Pelagornis,Pelagornis mauretanicus,3.0940000000000003,3.0940000000000003
Pelagornis,Pelagornis stirtoni,3.0940000000000003,3.0940000000000003
Pelecanus,Pelecanus halieus,3.0940000000000003,3.0940000000000003
Pelecanus,Pelecanus sivalensis,3.0940000000000003,3.0940000000000003
Phalacrocorax,Phalacrocorax filyawi,3.0940000000000003,3.0940000000000003
Phalacrocorax,Phalacrocorax kennelli,3.0940000000000003,3.9605
Phalacrocorax,Phalacrocorax macer,3.0940000000000003,3.0940000000000003
Porzana,Porzana lacustris,3.0940000000000003,3.0940000000000003
Puffinus,Puffinus kanakoffi,3.0940000000000003,3.9605
Spheniscus,Spheniscus chilensis,3.0940000000000003,3.0940000000000003
Synthliboramphus,Synthliboramphus rineyi,3.0940000000000003,3.35
Tereingaornis,Tereingaornis moisleyi,3.3,3.3
Aechmophorus,Aechmophorus elasson,3.35,3.35
Agriocharis,Agriocharis progenes,3.35,3.35
Aquila,Aquila bivia,3.35,3.35
Brachyramphus,Brachyramphus pliocenum,3.35,3.9605
Buteogallus,Buteogallus urubitinga,3.35,3.35
Butorides,Butorides validipes,3.35,3.35
Glaucidium,Glaucidium explorator,3.35,3.35
Helonetta,Helonetta brodkorbi,3.35,3.35
Melanitta,Melanitta ceruttii,3.35,3.35
Neophrontops,Neophrontops slaughteri,3.35,3.35
Oxyura,Oxyura hulberti,3.35,3.35
Pliogyps,Pliogyps fisheri,3.35,3.35
Podiceps,Podiceps arndti,3.35,3.35
Podiceps,Podiceps discors,3.35,3.35
Podiceps,Podiceps subparvus,3.35,3.35
Protocitta,Protocitta ajax,3.35,3.35
Puffinus,Puffinus gilmorei,3.35,3.35
Rissa,Rissa estesi,3.35,3.35
Spizaetus,Spizaetus tanneri,3.35,3.35
Stictocarbo,Stictocarbo kumeyaay,3.35,3.35
Sula,Sula clarki,3.35,3.35
Tachybaptus,Tachybaptus dominicus,3.35,3.35
Titanis,Titanis walleri,3.35,3.35
Vermivora,Vermivora celata,3.35,3.35
Struthio,Struthio chersonensis,3.394,3.9605
Alca,Alca grandis,3.9605,14.785
Colymbus,Colymbus subparvus,3.9605,3.9605
Dromaius,Dromaius ocypus,3.9605,3.9605
Larus,Larus elmorei,3.9605,3.9605
Palaeortyx,Palaeortyx intermedia,3.9605,21.735
Pelecanus,Pelecanus odessanus,3.9605,4.4665
Phalacrocorax,Phalacrocorax longipes,3.9605,4.4665
Phalacrocorax,Phalacrocorax mongoliensis,3.9605,3.9605
Phalacrocorax,Phalacrocorax reliquus,3.9605,3.9605
Phalacrocorax,Phalacrocorax rogersi,3.9605,3.9605
Pterodromoides,Pterodromoides minoricensis,3.9605,7.604
Puffinus,Puffinus nestori,3.9605,3.9605
Aethia,Aethia barnesi,4.4665,4.4665
Alca,Alca carolinensis,4.4665,4.4665
Alca,Alca minor,4.4665,4.4665
Alca,Alca olsoni,4.4665,4.4665
Alca,Alca stewarti,4.4665,4.4665
Anser,Anser arizonae,4.4665,4.4665
Bucephala,Bucephala clangula,4.4665,4.4665
Calonectris,Calonectris borealis,4.4665,4.4665
Calonectris,Calonectris krantzi,4.4665,4.4665
Capella,Capella media,4.4665,4.4665
Cepphus,Cepphus olsoni,4.4665,4.4665
Cerorhinca,Cerorhinca minor,4.4665,6.2895
Dege,Dege hendeyi,4.4665,8.470500000000001
Gavia,Gavia fortis,4.4665,4.4665
Haematopus,Haematopus ostralegus,4.4665,4.4665
Haematopus,Haematopus palliatus,4.4665,14.785
Inguza,Inguza predemersus,4.4665,8.470500000000001
Larus,Larus minutus,4.4665,4.4665
Mancalla,Mancalla cedrosensis,4.4665,6.2895
Mesembriornis,Mesembriornis milneedwardsi,4.4665,5.4
Miocepphus,Miocepphus mergulellus,4.4665,4.4665
Miomancalla,Miomancalla wetmorei,4.4665,5.423
Morus,Morus atlanticus,4.4665,21.735
Morus,Morus avitus,4.4665,14.895
Morus,Morus loxostylus,4.4665,18.2
Morus,Morus peninsularis,4.4665,14.785
Nucleornis,Nucleornis insolitus,4.4665,4.4665
Oceanites,Oceanites zaloscarthmus,4.4665,4.4665
Pachyptila,Pachyptila salax,4.4665,4.4665
Palaeospheniscus,Palaeospheniscus huxleyorum,4.4665,4.4665
Pelecanoides,Pelecanoides cymatotrypetes,4.4665,4.4665
Pelecanus,Pelecanus schreiberi,4.4665,4.4665
Phalacrocorax,Phalacrocorax wetmorei,4.4665,14.785
Phoenicopterus,Phoenicopterus floridanus,4.4665,14.785
Pinguinus,Pinguinus alfrednewtoni,4.4665,4.4665
Procellaria,Procellaria aequinoctialis,4.4665,4.4665
Procellaria,Procellaria parkinsoni,4.4665,4.4665
Pterodroma,Pterodroma lessonii,4.4665,4.4665
Puffinus,Puffinus felthami,4.4665,4.4665
Puffinus,Puffinus gravis,4.4665,12.719999999999999
Puffinus,Puffinus tedfordi,4.4665,6.2895
Pygoscelis,Pygoscelis grandis,4.4665,4.4665
Stercorarius,Stercorarius parasiticus,4.4665,4.4665
Stercorarius,Stercorarius pomarinus,4.4665,4.4665
Sterna,Sterna maxima,4.4665,4.4665
Sterna,Sterna nilotica,4.4665,4.4665
Uria,Uria paleohesperis,4.4665,4.4665
Dryornis,Dryornis pampeanus,5.4,5.4
Foetopterus,Foetopterus ambiguus,5.4,5.4
Palaeociconia,Palaeociconia australis,5.4,5.4
Protorhea,Protorhea azarae,5.4,5.4
Tinamisornis,Tinamisornis intermedius,5.4,5.4
Tinamisornis,Tinamisornis parvulus,5.4,5.4
Gavia,Gavia brodkorbi,5.423,5.423
Miosula,Miosula media,5.423,9.433
Morus,Morus lompocanus,5.423,12.719999999999999
Morus,Morus magnus,5.423,5.423
Osteodontornis,Osteodontornis orri,5.423,14.895
Puffinus,Puffinus barnesi,5.423,5.423
Diomedea,Diomedea thyridata,6.2895,6.2895
Megapaloelodus,Megapaloelodus opsigonus,6.2895,11.95
Miocepphus,Miocepphus blowi,6.2895,6.2895
Miomancalla,Miomancalla howardi,6.2895,6.2895
Morus,Morus peruvianus,6.2895,6.2895
Perugyps,Perugyps diazi,6.2895,6.2895
Pseudaptenodytes,Pseudaptenodytes macraei,6.2895,6.2895
Ramphastosula,Ramphastosula aguierrei,6.2895,6.2895
Ramphastosula,Ramphastosula ramirezi,6.2895,6.2895
Spheniscus,Spheniscus megaramphus,6.2895,13.789000000000001
Spheniscus,Spheniscus urbinai,6.2895,13.789000000000001
Sula,Sula magna,6.2895,9.433
Sula,Sula sulita,6.2895,6.2895
Gansugyps,Gansugyps linxiaensis,6.325,6.325
Anas,Anas kurochkini,7.0165,7.0165
Gallinago,Gallinago azovica,7.0165,7.0165
Plioperdix,Plioperdix hungarica,7.0165,7.0165
Anhinga,Anhinga grandis,7.6000000000000005,11.95
Ardea,Ardea polkensis,7.6000000000000005,14.785
Bartramia,Bartramia umatilla,7.6000000000000005,7.6000000000000005
Egretta,Egretta subfluvia,7.6000000000000005,7.6000000000000005
Ereunetes,Ereunetes rayi,7.6000000000000005,7.6000000000000005
Grus,Grus nannodes,7.6000000000000005,7.6000000000000005
Jacana,Jacana farrandi,7.6000000000000005,7.6000000000000005
Lophortyx,Lophortyx shotwelli,7.6000000000000005,7.6000000000000005
Nettion,Nettion bunkeri,7.6000000000000005,7.6000000000000005
Nycticorax,Nycticorax fidens,7.6000000000000005,7.6000000000000005
Phoenicopterus,Phoenicopterus stocki,7.6000000000000005,7.6000000000000005
Phalacrocorax,Phalacrocorax femoralis,7.604,7.604
Argentavis,Argentavis magnificens,7.9,7.9
Anhinga,Anhinga pannonica,8.470500000000001,8.470500000000001
Bambolinetta,Bambolinetta lignitifila,8.470500000000001,8.470500000000001
Fulmarus,Fulmarus hammeri,8.470500000000001,8.470500000000001
Hoazinoides,Hoazinoides magdalenae,8.470500000000001,8.470500000000001
Leptoptilos,Leptoptilos falconeri,8.470500000000001,8.470500000000001
Leptoptilos,Leptoptilos patagonicus,8.470500000000001,8.470500000000001
Miocepphus,Miocepphus mcclungi,8.470500000000001,21.735
Oceanodroma,Oceanodroma hubbsi,8.470500000000001,8.470500000000001
Palaeortyx,Palaeortyx volans,8.470500000000001,8.470500000000001
Phalacrocorax,Phalacrocorax leptopus,8.470500000000001,8.470500000000001
Presbychen,Presbychen abavus,8.470500000000001,14.895
Psilopterus,Psilopterus colzecus,8.470500000000001,8.470500000000001
Puffinus,Puffinus calhouni,8.470500000000001,12.719999999999999
Puffinus,Puffinus priscus,8.470500000000001,14.895
Pelagornis,Pelagornis chilensis,8.4765,12.719999999999999
Palaeostruthus,Palaeostruthus eurius,9.25,9.25
Cerorhinca,Cerorhinca dubia,9.433,9.433
Kuntur,Kuntur cardenasi,9.433,9.433
Limosa,Limosa vanrossemi,9.433,9.433
Madrynornis,Madrynornis mirandus,9.433,9.433
Puffinus,Puffinus diatomicus,9.433,14.1815
Sula,Sula brandi,9.433,9.433
Sula,Sula figueroae,9.433,9.433
Uria,Uria brodkorbi,9.433,9.433
Podiceps,Podiceps sociatus,9.899999999999999,9.899999999999999
Miophasianus,Miophasianus medius,10.399999999999999,10.399999999999999
Strix,Strix brevis,10.399999999999999,10.399999999999999
Anchigyps,Anchigyps voorhiesi,11.95,11.95
Eremochen,Eremochen russelli,11.95,14.1815
Grus,Grus pratensis,11.95,11.95
Nettion,Nettion greeni,11.95,11.95
Nettion,Nettion ogallalae,11.95,11.95
Ocyplonessa,Ocyplonessa shotwelli,11.95,14.1815
Paleosula,Paleosula stocktoni,11.95,13.789000000000001
Pandion,Pandion lovensis,11.95,11.95
Pliogyps,Pliogyps charon,11.95,11.95
Protomelanitta,Protomelanitta bakeri,11.95,11.95
Querquedula,Querquedula pullulans,11.95,11.95
Pelagornis,Pelagornis miocaenus,12.154,18.205000000000002
Gavia,Gavia egeriana,12.719999999999999,12.719999999999999
Miocepphus,Miocepphus bohaskai,12.719999999999999,18.205000000000002
Sarmatosula,Sarmatosula dobrogensis,12.719999999999999,12.719999999999999
Spheniscus,Spheniscus muizoni,12.719999999999999,12.719999999999999
Rhea,Rhea fossilis,12.809000000000001,12.809000000000001
Phalacrocorax,Phalacrocorax intermedius,13.175,21.735
Barawertornis,Barawertornis tedfordi,13.789000000000001,13.789000000000001
Brontornis,Brontornis burmeisteri,13.789000000000001,19.5
Bullockornis,Bullockornis planei,13.789000000000001,13.789000000000001
Emuarius,Emuarius gidju,13.789000000000001,22.185
Eoneornis,Eoneornis australis,13.789000000000001,13.789000000000001
Eutelornis,Eutelornis patagonicus,13.789000000000001,13.789000000000001
Liptornis,Liptornis hesternus,13.789000000000001,13.789000000000001
Opisthodactylus,Opisthodactylus patagonicus,13.789000000000001,13.789000000000001
Palaeospheniscus,Palaeospheniscus bergi,13.789000000000001,19.5
Paraptenodytes,Paraptenodytes antarcticus,13.789000000000001,21.735
Patagornis,Patagornis marshi,13.789000000000001,16.9
Phorusrhacos,Phorusrhacos longissimus,13.789000000000001,19.5
Proardeola,Proardeola walkeri,13.789000000000001,13.789000000000001
Psilopterus,Psilopterus bachmanni,13.789000000000001,16.9
Psilopterus,Psilopterus lemoinei,13.789000000000001,19.5
Pygoscelis,Pygoscelis calderensis,13.789000000000001,13.789000000000001
Sula,Sula pohli,13.789000000000001,13.789000000000001
Dromornis,Dromornis stirtoni,14.1815,14.1815
Fulica,Fulica infelix,14.1815,14.1815
Puffinus,Puffinus micraulax,14.1815,14.1815
Rhea,Rhea subpampeana,14.1815,14.1815
Kelenken,Kelenken guillermoi,14.65,14.65
Branta,Branta woolfendeni,14.785,14.785
Bucephala,Bucephala ossivallis,14.785,14.785
Calidris,Calidris pacis,14.785,14.785
Cyrtonyx,Cyrtonyx tedfordi,14.785,14.785
Erolia,Erolia penepusilla,14.785,14.785
Megapaloelodus,Megapaloelodus connectens,14.785,18.2
Miocitta,Miocitta galbreathi,14.785,14.785
Mycteria,Mycteria milleri,14.785,14.785
Pediohierax,Pediohierax ramenta,14.785,18.2
Microsula,Microsula pygmaea,14.81,18.205000000000002
Calonectris,Calonectris kurodai,14.895,14.895
Diomedea,Diomedea milleri,14.895,14.895
Divisulcus,Divisulcus demerei,14.895,14.895
Fulmarus,Fulmarus miocaenus,14.895,14.895
Hadrogyps,Hadrogyps aigialeus,14.895,14.895
Heliadornis,Heliadornis ashbyi,14.895,14.895
Morus,Morus vagabundus,14.895,14.895
Pseudocepphus,Pseudocepphus teres,14.895,14.895
Puffinus,Puffinus conradi,14.895,14.895
Puffinus,Puffinus inceptor,14.895,14.895
Puffinus,Puffinus mitchelli,14.895,14.895
Badiostes,Badiostes patagonicus,16.9,16.9
Cariama,Cariama santacrucensis,16.9,16.9
Sula,Sula universitatis,17.319000000000003,17.319000000000003
Aptornis,Aptornis proasciarostratus,17.45,17.45
Dunstanetta,Dunstanetta johnstoneorum,17.45,17.45
Hakawai,Hakawai melvillei,17.45,17.45
Kuiornis,Kuiornis indicator,17.45,17.45
Manuherikia,Manuherikia douglasi,17.45,17.45
Manuherikia,Manuherikia lacustrina,17.45,17.45
Manuherikia,Manuherikia minuta,17.45,17.45
Matanas,Matanas enrighti,17.45,17.45
Matuku,Matuku otagoense,17.45,17.45
Miotadorna,Miotadorna sanctibathansi,17.45,17.45
Neilus,Neilus sansomae,17.45,17.45
Nelepsittacus,Nelepsittacus daphneleeae,17.45,17.45
Nelepsittacus,Nelepsittacus donmertoni,17.45,17.45
Nelepsittacus,Nelepsittacus minimus,17.45,17.45
Palaelodus,Palaelodus aotearoa,17.45,17.45
Pelecanoides,Pelecanoides miokuaka,17.45,17.45
Pikaihao,Pikaihao bartlei,17.45,17.45
Proapteryx,Proapteryx micromeros,17.45,17.45
Rupephaps,Rupephaps taketake,17.45,17.45
Anhinga,Anhinga subvolans,18.2,18.2
Aramornis,Aramornis longurio,18.2,18.2
Boreortalis,Boreortalis laesslei,18.2,18.2
Burhinus,Burhinus lucorum,18.2,18.2
Conuropsis,Conuropsis fratercula,18.2,18.2
Cursoricoccyx,Cursoricoccyx geraldinae,18.2,18.2
Dendrochen,Dendrochen robusta,18.2,18.2
Geranoaetus,Geranoaetus contortus,18.2,18.2
Miortyx,Miortyx teres,18.2,18.2
Neophrontops,Neophrontops vetustus,18.2,18.2
Ortalis,Ortalis pollicaris,18.2,18.2
Palaeoborus,Palaeoborus rosatus,18.2,18.2
Paranyroca,Paranyroca magna,18.2,18.2
Probalearica,Probalearica crataegensis,18.2,18.2
Promilio,Promilio brodkorbi,18.2,18.2
Promilio,Promilio epileus,18.2,18.2
Promilio,Promilio floridanus,18.2,18.2
Propelargus,Propelargus olseni,18.2,18.2
Querquedula,Querquedula integra,18.2,18.2
Rhegminornis,Rhegminornis calobates,18.2,18.2
Strix,Strix dakota,18.2,18.2
Thomasococcyx,Thomasococcyx philohippus,18.2,18.2
Tympanuchus,Tympanuchus stirtoni,18.2,18.2
Urubitinga,Urubitinga enecta,18.2,18.2
Borvocarbo,Borvocarbo tardatus,18.205000000000002,18.205000000000002
Eretiscus,Eretiscus tonnii,18.205000000000002,21.735
Palaeospheniscus,Palaeospheniscus affinis,18.205000000000002,18.205000000000002
Palaeospheniscus,Palaeospheniscus bilocular,18.205000000000002,18.205000000000002
Palaeospheniscus,Palaeospheniscus gracilis,18.205000000000002,18.205000000000002
Palaeospheniscus,Palaeospheniscus interruptus,18.205000000000002,18.205000000000002
Palaeospheniscus,Palaeospheniscus patagonicus,18.205000000000002,19.5
Palaeospheniscus,Palaeospheniscus rothi,18.205000000000002,18.205000000000002
Paraptenodytes,Paraptenodytes robustus,18.205000000000002,19.5
Treleudytes,Treleudytes crassa,18.205000000000002,18.205000000000002
Zygodactylus,Zygodactylus ignotus,18.45,18.45
Anthropodyptes,Anthropodyptes gilli,19.5,19.5
Arthrodytes,Arthrodytes andrewsi,19.5,19.5
Menura,Menura tyawanoides,19.5,19.5
Palaeospheniscus,Palaeospheniscus intermedius,19.5,19.5
Palaeospheniscus,Palaeospheniscus planus,19.5,19.5
Paraptenodytes,Paraptenodytes brodkorbi,19.5,19.5
Pelagornis,Pelagornis longirostris,19.5,19.5
Plotornis,Plotornis graculoides,19.5,19.5
Pseudospheniscus,Pseudospheniscus concavus,19.5,19.5
Thegornis,Thegornis debilis,19.5,19.5
Tympanonesiotes,Tympanonesiotes wetmorei,19.5,19.5
Empheresula,Empheresula arvernensis,21.735,25.565
Palaeospheniscus,Palaeospheniscus wimani,21.735,21.735
Petralca,Petralca austriaca,21.735,25.715
Plotopterum,Plotopterum joaquinensis,21.735,21.735
Taubatornis,Taubatornis campbelli,22.185,22.185
Wilaru,Wilaru prideauxi,22.185,22.185
Buteo,Buteo typhoius,22.615000000000002,22.615000000000002
Ortalis,Ortalis tantala,22.615000000000002,22.615000000000002
Palaeastur,Palaeastur atavus,22.615000000000002,22.615000000000002
Paractiornis,Paractiornis perpusillus,22.615000000000002,22.615000000000002
Promilio,Promilio efferus,22.615000000000002,22.615000000000002
Korora,Korora oliveri,23.45,23.45
Palaeeudyptes,Palaeeudyptes antarcticus,23.45,36.6
Platydyptes,Platydyptes amiesi,23.45,24.5
Devincenzia,Devincenzia gallinali,25.0,25.0
Caspiodontornis,Caspiodontornis kobystanicus,25.565,25.565
Copepteryx,Copepteryx hexeris,25.565,25.715
Copepteryx,Copepteryx titan,25.565,25.565
Hokkaidornis,Hokkaidornis abashiriensis,25.565,25.565
Kairuku,Kairuku waitaki,25.565,25.565
Pelagornis,Pelagornis sandersi,25.565,25.565
Stemec,Stemec suntokum,25.565,25.565
Bathornis,Bathornis fricki,25.615000000000002,25.615000000000002
Miohierax,Miohierax stocki,25.615000000000002,25.615000000000002
Chionoides,Chionoides australiensis,25.715,25.715
Palaeortyx,Palaeortyx gallica,25.715,25.715
Wilaru,Wilaru tedfordi,25.715,25.715
Archaeospheniscus,Archaeospheniscus lopdelli,26.25,26.25
Archaeospheniscus,Archaeospheniscus lowei,26.25,26.25
Duntroonornis,Duntroonornis parvus,26.25,26.25
Kairuku,Kairuku grebneffi,26.25,26.25
Manu,Manu antiquus,26.25,26.25
Platydyptes,Platydyptes marplesi,26.25,26.25
Platydyptes,Platydyptes novaezealandiae,26.25,35.15
Cladornis,Cladornis pachypus,28.465,28.465
Colymbus,Colymbus oligocaenus,28.465,28.465
Cruschedula,Cruschedula revola,28.465,28.465
Cyphornis,Cyphornis magnus,28.465,28.465
Larus,Larus pristinus,28.465,28.465
Limicolavis,Limicolavis pluvianella,28.465,28.465
Phalacrocorax,Phalacrocorax marinavis,28.465,28.465
Phalacrocorax,Phalacrocorax mediterraneus,28.465,28.465
Belgirallus,Belgirallus oligocaenus,31.0,31.15
Colymboides,Colymboides metzleri,31.0,31.0
Diomedeoides,Diomedeoides lipsiensis,31.0,31.15
Eremopezus,Eremopezus eocaenus,31.0,31.0
Eurotrochilus,Eurotrochilus inexpectatus,31.0,31.0
Goliathia,Goliathia andrewsi,31.0,31.0
Janipes,Janipes nymphaeobates,31.0,31.0
Nupharanassa,Nupharanassa bulotorum,31.0,31.0
Nupharanassa,Nupharanassa tolutaria,31.0,31.0
Oligocolius,Oligocolius brevitarsus,31.0,31.0
Palaeoephippiorhynchus,Palaeoephippiorhynchus dietrichi,31.0,31.0
Palaeotodus,Palaeotodus itardiensis,31.0,31.0
Paraortyx,Paraortyx lorteti,31.0,31.0
Rupelramphastoides,Rupelramphastoides knopfi,31.0,31.0
Tonsala,Tonsala buchanani,31.0,31.15
Tonsala,Tonsala hildegardae,31.0,31.0
Turnipax,Turnipax oechslerorum,31.0,31.0
Wieslochia,Wieslochia weissi,31.0,31.0
Xenerodiops,Xenerodiops mycter,31.0,31.0
Belgirallus,Belgirallus minutus,31.15,31.15
Boutersemia,Boutersemia belgica,31.15,31.15
Boutersemia,Boutersemia parvula,31.15,31.15
Eocuculus,Eocuculus cherpinae,31.15,35.55
Heterostrix,Heterostrix tatsinensis,31.15,31.15
Parvigrus,Parvigrus pohli,31.15,31.15
Primotrogon,Primotrogon wintersteini,31.15,31.15
Prophalacrocorax,Prophalacrocorax ronzoni,31.15,31.15
Prosybris,Prosybris antiqua,31.15,31.15
Zygodactylus,Zygodactylus luberonensis,31.15,31.15
Palaeonossax,Palaeonossax senectus,32.05,32.05
Paracrax,Paracrax gigantea,32.05,32.05
Paracrax,Paracrax wetmorei,32.05,32.05
Bathornis,Bathornis celeripes,33.599999999999994,33.599999999999994
Buteo,Buteo fluviaticus,33.599999999999994,33.599999999999994
Buteo,Buteo grangeri,33.599999999999994,33.599999999999994
Pachydyptes,Pachydyptes ponderosus,35.15,35.15
Archaeotrogon,Archaeotrogon venustus,35.55,35.55
Bathornis,Bathornis veredus,35.55,35.55
Geranopterus,Geranopterus alatus,35.55,35.55
Geranopterus,Geranopterus milneedwardsi,35.55,35.55
Nanortyx,Nanortyx inexpectatus,35.55,35.55
Neocathartes,Neocathartes grallator,35.55,35.55
Palaeeudyptes,Palaeeudyptes marplesi,35.55,36.6
Palaeocrex,Palaeocrex fax,35.55,35.55
Palaeogyps,Palaeogyps prodromus,35.55,35.55
Palaeospiza,Palaeospiza bella,35.55,35.55
Phasmagyps,Phasmagyps patritus,35.55,35.55
Procrax,Procrax brevipes,35.55,35.55
Anthropornis,Anthropornis grandis,35.95,51.9
Anthropornis,Anthropornis nordenskjoeldi,35.95,42.9
Archaeospheniscus,Archaeospheniscus wimani,35.95,51.9
Delphinornis,Delphinornis arctowskii,35.95,35.95
Delphinornis,Delphinornis larseni,35.95,48.65
Icadyptes,Icadyptes salasi,35.95,35.95
Inkayacu,Inkayacu paracasensis,35.95,35.95
Marambiornis,Marambiornis exilis,35.95,42.9
Pachydyptes,Pachydyptes simpsoni,35.95,35.95
Palaeeudyptes,Palaeeudyptes gunnari,35.95,51.9
Palaeeudyptes,Palaeeudyptes klekowskii,35.95,42.9
Phocavis,Phocavis maritimus,35.95,35.95
Protopelicanus,Protopelicanus cuvierii,35.95,35.95
Quercyrallus,Quercyrallus ludianus,35.95,35.95
Tonniornis,Tonniornis mesetaensis,35.95,35.95
Tonniornis,Tonniornis minimum,35.95,35.95
Wimanornis,Wimanornis seymourensis,35.95,35.95
Aegialornis,Aegialornis gallicus,39.65,39.65
Aegialornis,Aegialornis wetmorei,39.65,39.65
Eleutherornis,Eleutherornis helveticus,39.65,39.65
Gigantornis,Gigantornis eaglesomei,39.65,39.65
Idiornis,Idiornis gaillardi,39.65,39.65
Latipons,Latipons gardneri,39.65,44.55
Milvoides,Milvoides kempi,39.65,44.55
Namaortyx,Namaortyx sperrgebietensis,39.65,39.65
Namapsitta,Namapsitta praeruptorum,39.65,39.65
Parvirallus,Parvirallus gracilis,39.65,44.55
Primocolius,Primocolius sigei,39.65,39.65
Scopelortyx,Scopelortyx klinghardtensis,39.65,39.65
Zheroia,Zheroia kurochkini,39.65,39.65
Mesetaornis,Mesetaornis polaris,42.9,42.9
Aletornis,Aletornis gracilis,42.900000000000006,42.900000000000006
Aletornis,Aletornis pernix,42.900000000000006,42.900000000000006
Aletornis,Aletornis venustus,42.900000000000006,42.900000000000006
Botauroides,Botauroides parvus,42.900000000000006,42.900000000000006
Eobucco,Eobucco brodkorbi,42.900000000000006,42.900000000000006
Eoceornis,Eoceornis ardetta,42.900000000000006,42.900000000000006
Grus,Grus marshi,42.900000000000006,42.900000000000006
Juncitarsus,Juncitarsus gracillimus,42.900000000000006,48.25
Telecrex,Telecrex grangeri,42.900000000000006,42.900000000000006
Telmabates,Telmabates antiquus,42.900000000000006,42.900000000000006
Telmabates,Telmabates howardae,42.900000000000006,42.900000000000006
Uintornis,Uintornis lucaris,42.900000000000006,42.900000000000006
Uintornis,Uintornis marionae,42.900000000000006,42.900000000000006
Eonessa,Eonessa anaticula,43.3,43.3
Protostrix,Protostrix californiensis,43.3,43.3
Chascacocolius,Chascacocolius cacicirostris,44.5,44.5
Eocoracias,Eocoracias brachyptera,44.5,44.5
Eurofluvioviridavis,Eurofluvioviridavis robustipes,44.5,44.5
Gracilitarsus,Gracilitarsus mirabilis,44.5,44.5
Masillapodargus,Masillapodargus longipes,44.5,44.5
Masillastega,Masillastega rectirostris,44.5,44.5
Messelastur,Messelastur gratulator,44.5,44.5
Messelirrisor,Messelirrisor grandis,44.5,44.5
Paraprefica,Paraprefica kelleri,44.5,44.5
Paraprefica,Paraprefica major,44.5,44.5
Parargornis,Parargornis messelensis,44.5,44.5
Perplexicervix,Perplexicervix microcephalon,44.5,44.5
Primobucco,Primobucco frugilegus,44.5,44.5
Primobucco,Primobucco perneri,44.5,44.5
Primotrogon,Primotrogon pumilio,44.5,44.5
Protocypselomorphus,Protocypselomorphus manfredkelleri,44.5,44.5
Rhynchaeites,Rhynchaeites messelensis,44.5,44.5
Colymbiculus,Colymbiculus udovichenkoi,44.55,44.55
Dasornis,Dasornis emuinus,44.55,51.9
Diatryma,Diatryma cotei,44.55,44.55
Eocathartes,Eocathartes robustus,44.55,44.55
Eostega,Eostega lebedinskyi,44.55,44.55
Jiliniornis,Jiliniornis huadianensis,44.55,44.55
Litoripes,Litoripes medius,44.55,44.55
Lutetodontopteryx,Lutetodontopteryx tethyensis,44.55,44.55
Macrodontopteryx,Macrodontopteryx oweni,44.55,51.9
Palaeotis,Palaeotis weigelti,44.55,44.55
Perudyptes,Perudyptes devriesi,44.55,44.55
Presbyornis,Presbyornis pervetus,44.95,44.95
Presbyornis,Presbyornis recurvirostrus,44.95,44.95
Aletornis,Aletornis bellus,48.25,48.25
Aletornis,Aletornis nobilis,48.25,48.25
Amitabha,Amitabha urbsinterdictensis,48.25,48.25
Falco,Falco falconella,48.25,48.25
Protostrix,Protostrix leptosteus,48.25,48.25
Protostrix,Protostrix saurodosis,48.25,48.25
Lavocatavis,Lavocatavis africana,48.65,48.65
Protoplotus,Protoplotus beauforti,49.95,49.95
Eocrex,Eocrex primus,51.0,51.0
Dasornis,Dasornis abdoun,51.9,51.9
Eocypselus,Eocypselus vincenti,51.9,51.9
Lithornis,Lithornis vulturinus,51.9,52.2
Mopsitta,Mopsitta tanta,51.9,51.9
Odontopteryx,Odontopteryx toliapica,51.9,57.6
Pellornis,Pellornis mikkelseni,51.9,51.9
Phaethusavis,Phaethusavis pelagicus,51.9,51.9
Primapus,Primapus lacki,51.9,51.9
Septentrogon,Septentrogon madseni,51.9,51.9
Vastanavis,Vastanavis eocaena,51.9,51.9
Cyrilavis,Cyrilavis olsoni,52.2,52.2
Eostrix,Eostrix tsaganica,52.2,52.2
Fluviatilavis,Fluviatilavis antunesi,52.2,52.2
Gastornis,Gastornis parisiensis,52.2,57.6
Neanis,Neanis schucherti,52.2,52.2
Paracathartes,Paracathartes howardae,52.2,52.2
Presbyornis,Presbyornis mongoliensis,52.2,57.25
Primobucco,Primobucco mcgrewi,52.2,52.2
Songzia,Songzia heidangkouensis,52.2,52.2
Kaiika,Kaiika maxwelli,52.65,52.65
Diatryma,Diatryma gigantea,53.05,53.05
Eostrix,Eostrix martinellii,53.05,53.05
Fluvioviridavis,Fluvioviridavis platyrhamphus,53.05,53.05
Geranoides,Geranoides jepseni,53.05,53.05
Limnofregata,Limnofregata azygosternon,53.05,53.05
Palaeophasianus,Palaeophasianus meleagroides,53.05,53.05
Palaeorallus,Palaeorallus troxelli,53.05,53.05
Primobucco,Primobucco kistneri,53.05,53.05
Pseudocrypturus,Pseudocrypturus cercanaxius,53.05,53.05
Diogenornis,Diogenornis fragilis,53.650000000000006,53.650000000000006
Eutreptodactylus,Eutreptodactylus itaboraiensis,53.650000000000006,53.650000000000006
Itaboravis,Itaboravis elaphrocnemoides,53.650000000000006,53.650000000000006
Paleopsilopterus,Paleopsilopterus itaboraiensis,53.650000000000006,53.650000000000006
Pseudodontornis,Pseudodontornis tenuirostris,53.650000000000006,53.650000000000006
Calcardea,Calcardea junnei,56.3,56.3
Lithornis,Lithornis plebius,56.3,56.3
Lithornis,Lithornis promiscuus,56.3,56.3
Crossvallia,Crossvallia unienwillia,57.25,57.25
Eopuffinus,Eopuffinus kazachstanensis,57.25,57.25
Tshulia,Tshulia litorea,57.25,57.25
Waimanu,Waimanu tuatahi,57.25,60.400000000000006
Zhylgaia,Zhylgaia aestiflua,57.25,57.25
Berruornis,Berruornis orbisantiqui,57.6,57.6
Gastornis,Gastornis russelli,57.6,57.6
Lithoptila,Lithoptila abdounensis,57.6,57.6
Remiornis,Remiornis heberti,57.6,57.6
Dakotornis,Dakotornis cooperi,59.25,59.25
Lithornis,Lithornis celetius,59.25,59.25
Ogygoptynx,Ogygoptynx wetmorei,59.25,59.25
Wanshuina,Wanshuina lii,60.2,60.2
Australornis,Australornis lovei,60.400000000000006,60.400000000000006
Berruornis,Berruornis halbedeli,60.400000000000006,60.400000000000006
Fissuravis,Fissuravis weigelti,60.400000000000006,60.400000000000006
Gradiornis,Gradiornis walbeckensis,60.400000000000006,60.400000000000006
Waimanu,Waimanu manneringi,60.400000000000006,60.400000000000006
Walbeckornis,Walbeckornis creber,60.400000000000006,60.400000000000006
Presbyornis,Presbyornis isoni,61.0,61.0
Qinornis,Qinornis paleocenica,62.35,62.35
Qianshanornis,Qianshanornis rapax,63.85,63.85
Telmatornis,Telmatornis priscus,64.05,68.3
Graculavus,Graculavus velox,66.15,68.3
Palaeotringa,Palaeotringa littoralis,66.15,68.3
Tytthostonyx,Tytthostonyx glauconiticus,66.15,66.15
Anatalavis,Anatalavis rex,68.3,68.3
Avisaurus,Avisaurus archibaldi,68.3,68.3
Brodavis,Brodavis americanus,68.3,68.3
Canadaga,Canadaga arctica,68.3,77.85
Ceramornis,Ceramornis major,68.3,68.3
Cimolopteryx,Cimolopteryx maxima,68.3,68.3
Cimolopteryx,Cimolopteryx rara,68.3,68.3
Elbretornis,Elbretornis bonapartei,68.3,68.3
Enantiornis,Enantiornis leali,68.3,68.3
Lamarqueavis,Lamarqueavis minima,68.3,68.3
Lamarqueavis,Lamarqueavis petra,68.3,68.3
Laornis,Laornis edvardsianus,68.3,68.3
Lectavis,Lectavis bretincola,68.3,68.3
Lonchodytes,Lonchodytes estesi,68.3,68.3
Martinavis,Martinavis minor,68.3,68.3
Martinavis,Martinavis saltariensis,68.3,68.3
Martinavis,Martinavis vincei,68.3,68.3
Martinavis,Martinavis whetstonei,68.3,68.3
Neogaeornis,Neogaeornis wetzeli,68.3,68.3
Palaeotringa,Palaeotringa vagans,68.3,68.3
Patagonichnornis,Patagonichnornis venetiorum,68.3,68.3
Potamornis,Potamornis skutchi,68.3,68.3
Sarjeantopodus,Sarjeantopodus semipalmatus,68.3,68.3
Soroavisaurus,Soroavisaurus australis,68.3,68.3
Torotix,Torotix clemensi,68.3,68.3
Vegavis,Vegavis iaai,68.3,68.3
Volgavis,Volgavis marina,68.3,68.3
Yungavolucris,Yungavolucris brevipedalis,68.3,68.3
Asiahesperornis,Asiahesperornis bazhanovi,69.05,69.05
Brodavis,Brodavis baileyi,69.05,69.05
Brodavis,Brodavis mongoliensis,69.05,69.05
Elopteryx,Elopteryx nopcsai,69.05,69.05
Judinornis,Judinornis nogontsavensis,69.05,69.05
Polarornis,Polarornis gregorii,69.05,69.05
Rahonavis,Rahonavis ostromi,69.05,69.05
Vorona,Vorona berivotrensis,69.05,69.05
Yacoraitichnus,Yacoraitichnus avis,69.05,69.05
Gargantuavis,Gargantuavis philoinos,74.75,77.05
Lamarqueavis,Lamarqueavis australis,74.75,74.75
Limenavis,Limenavis patagonica,74.75,74.75
Alamitornis,Alamitornis minutus,74.8,74.8
Gobipteryx,Gobipteryx minuta,74.8,77.85
Gurilynia,Gurilynia nessovi,74.8,74.8
Teviornis,Teviornis gobiensis,74.8,74.8
Baptornis,Baptornis varneri,77.05,77.05
Barrosopus,Barrosopus slobodai,77.05,77.05
Gobipipus,Gobipipus reshetovi,77.05,77.05
Halimornis,Halimornis thompsoni,77.05,77.05
Hesperornis,Hesperornis montana,77.05,77.05
Hesperornis,Hesperornis regalis,77.05,84.65
Hesperornis,Hesperornis rossicus,77.05,77.85
Ichthyornis,Ichthyornis dispar,77.05,87.55
Martinavis,Martinavis cruzyensis,77.05,77.05
Yandangornis,Yandangornis longicaudus,77.05,77.05
Apsaravis,Apsaravis ukhaana,77.85,77.85
Elsornis,Elsornis keni,77.85,77.85
Hollanda,Hollanda luceria,77.85,77.85
Hwangsanipes,Hwangsanipes choughi,77.85,77.85
Intiornis,Intiornis inexpectatus,77.85,77.85
Uhangrichnus,Uhangrichnus chuni,77.85,112.75
Avisaurus,Avisaurus gloriae,78.19999999999999,78.19999999999999
Iaceornis,Iaceornis marshi,78.19999999999999,78.19999999999999
Samrukia,Samrukia nessovi,78.44999999999999,78.44999999999999
Fumicollis,Fumicollis hoffmani,79.94999999999999,79.94999999999999
Abavornis,Abavornis bonaparti,83.25,83.25
Catenoleimus,Catenoleimus anachoretus,83.25,83.25
Explorornis,Explorornis nessovi,83.25,83.25
Explorornis,Explorornis walkeri,83.25,83.25
Hesperornis,Hesperornis crassipes,83.25,83.25
Hesperornis,Hesperornis gracilis,83.25,83.25
Incolornis,Incolornis martini,83.25,83.25
Incolornis,Incolornis silvae,83.25,83.25
Alexornis,Alexornis antecedens,84.94999999999999,84.94999999999999
Bauxitornis,Bauxitornis mindszentyae,84.94999999999999,84.94999999999999
Neuquenornis,Neuquenornis volans,84.94999999999999,84.94999999999999
Patagopteryx,Patagopteryx deferrariisi,84.94999999999999,84.94999999999999
Apatornis,Apatornis celer,86.69999999999999,86.69999999999999
Baptornis,Baptornis advenus,86.69999999999999,88.05
Parahesperornis,Parahesperornis alexi,86.69999999999999,86.69999999999999
Kuszholia,Kuszholia mengi,88.05,88.05
Sazavis,Sazavis prisca,88.05,91.4
Zhyraornis,Zhyraornis logunovi,88.05,88.05
Parvavis,Parvavis chuxiongensis,88.75,88.75
Kizylkumavis,Kizylkumavis cretacea,89.9,89.9
Ichthyornis,Ichthyornis maltshevskyi,91.4,91.4
Ichthyornis,Ichthyornis minusculus,91.4,91.4
Cerebavis,Cerebavis cenomanica,96.55,96.55
Enantiophoenix,Enantiophoenix electrophyla,96.55,96.55
Flexomornis,Flexomornis howei,96.55,96.55
Horezmavis,Horezmavis eocretacea,96.55,96.55
Pasquiaornis,Pasquiaornis hardiei,96.55,96.55
Pasquiaornis,Pasquiaornis tankei,96.55,96.55
Koreanaornis,Koreanaornis hamanensis,97.2,112.75
Enaliornis,Enaliornis barretti,102.44999999999999,102.44999999999999
Enaliornis,Enaliornis sedgwicki,102.44999999999999,102.44999999999999
Jindongornipes,Jindongornipes kimi,106.75,112.75
Nanantius,Nanantius eos,106.75,106.75
Pachycorioolithus,Pachycorioolithus jinyunensis,106.75,106.75
Aquatilavipes,Aquatilavipes curriei,107.15,107.15
Koreanornis,Koreanornis sinensis,107.4,107.4
Shandongornipes,Shandongornipes muxiai,114.95,114.95
Aberratiodontus,Aberratiodontus wui,119.0,119.0
Alethoalaornis,Alethoalaornis agitornis,119.0,119.0
Aquatilavipes,Aquatilavipes swiboldae,119.0,119.0
Archaeovolans,Archaeovolans repatriatus,119.0,119.0
Bohaiornis,Bohaiornis guoi,119.0,119.0
Boluochia,Boluochia zhengi,119.0,119.0
Camptodontus,Camptodontus yangi,119.0,119.0
Cathayornis,Cathayornis yandica,119.0,121.2
Changmaornis,Changmaornis houi,119.0,119.0
Chaoyangia,Chaoyangia beishanensis,119.0,119.0
Confuciusornis,Confuciusornis jianchangensis,119.0,119.0
Cratoavis,Cratoavis cearensis,119.0,119.0
Dapingfangornis,Dapingfangornis sentisorhinus,119.0,119.0
Dunhuangia,Dunhuangia cuii,119.0,119.0
Eocathayornis,Eocathayornis walkeri,119.0,119.0
Feitianius,Feitianius paradisi,119.0,119.0
Fortunguavis,Fortunguavis xiaotaizicus,119.0,119.0
Gansus,Gansus yumenensis,119.0,119.0
Gracilornis,Gracilornis jiufotangensis,119.0,119.0
Huoshanornis,Huoshanornis huji,119.0,119.0
Jeholornis,Jeholornis prima,119.0,119.0
Jiuquanornis,Jiuquanornis niui,119.0,119.0
Juehuaornis,Juehuaornis zhangi,119.0,119.0
Linyiornis,Linyiornis amoena,119.0,119.0
Longchengornis,Longchengornis sanyanensis,119.0,119.0
Longipteryx,Longipteryx chaoyangensis,119.0,119.0
Longusunguis,Longusunguis kurochkini,119.0,119.0
Omnivoropteryx,Omnivoropteryx sinousaorum,119.0,119.0
Parabohaiornis,Parabohaiornis martini,119.0,119.0
Parahongshanornis,Parahongshanornis chaoyangensis,119.0,119.0
Parapengornis,Parapengornis eurycaudatus,119.0,123.955
Pengornis,Pengornis houi,119.0,119.0
Piscivoravis,Piscivoravis lii,119.0,119.0
Qiliania,Qiliania graffini,119.0,119.0
Rapaxavis,Rapaxavis pani,119.0,119.0
Sapeornis,Sapeornis chaoyangensis,119.0,123.955
Shengjingornis,Shengjingornis yangi,119.0,119.0
Sinornis,Sinornis santensis,119.0,119.0
Songlingornis,Songlingornis linghensis,119.0,119.0
Sulcavis,Sulcavis geeorum,119.0,119.0
Xiangornis,Xiangornis shenmi,119.0,119.0
Yanornis,Yanornis martini,119.0,119.0
Yixianornis,Yixianornis grabaui,119.0,119.0
Yuanjiawaornis,Yuanjiawaornis viriosus,119.0,119.0
Yumenornis,Yumenornis huangi,119.0,119.0
Zhouornis,Zhouornis hani,119.0,119.0
Evgenavis,Evgenavis nobilis,121.2,121.2
Hongshanornis,Hongshanornis longicresta,121.2,127.2
Jibeinia,Jibeinia luanhera,121.2,127.2
Mystiornis,Mystiornis cyrili,121.2,121.2
Vescornis,Vescornis hebeiensis,121.2,121.2
Otogornis,Otogornis genghisi,122.75,122.75
Proornis,Proornis coreae,122.75,122.75
Holbotia,Holbotia ponomarenkoi,122.95,122.95
Archaeorhynchus,Archaeorhynchus spathula,123.955,123.955
Jeholornis,Jeholornis curvipes,123.955,123.955
Jeholornis,Jeholornis palmapenis,123.955,123.955
Jianchangornis,Jianchangornis microdonta,123.955,123.955
Jixiangornis,Jixiangornis orientalis,123.955,123.955
Liaoningornis,Liaoningornis longidigitris,123.955,123.955
Longirostravis,Longirostravis hani,123.955,123.955
Schizooura,Schizooura lii,123.955,123.955
Shanweiniao,Shanweiniao cooperorum,123.955,123.955
Shenzhouraptor,Shenzhouraptor sinensis,123.955,123.955
Tianyuornis,Tianyuornis cheni,123.955,123.955
Xinghaiornis,Xinghaiornis lini,123.955,123.955
Zhongjianornis,Zhongjianornis yangi,123.955,123.955
Eoenantiornis,Eoenantiornis buhleri,125.93,125.93
Jinzhouornis,Jinzhouornis yixianensis,125.93,125.93
Yanornis,Yanornis guozhangi,125.93,125.93
Archaeornithura,Archaeornithura meemannae,126.22999999999999,126.22999999999999
Confuciusornis,Confuciusornis chuonzhous,126.22999999999999,126.22999999999999
Confuciusornis,Confuciusornis dui,126.22999999999999,126.22999999999999
Confuciusornis,Confuciusornis feducciai,126.22999999999999,126.22999999999999
Confuciusornis,Confuciusornis sanctus,126.22999999999999,126.22999999999999
Confuciusornis,Confuciusornis suniae,126.22999999999999,126.22999999999999
Jinzhouornis,Jinzhouornis zhangjiyingia,126.22999999999999,126.22999999999999
Paraprotopteryx,Paraprotopteryx gracilis,126.22999999999999,126.22999999999999
Protopteryx,Protopteryx fengningensis,126.22999999999999,127.2
Dalingheornis,Dalingheornis liweii,127.2,127.2
Grabauornis,Grabauornis lingyuanensis,127.2,127.2
Longicrusavis,Longicrusavis houi,127.2,127.2
Noguerornis,Noguerornis gonzalezi,127.2,127.2
Concornis,Concornis lacustris,127.725,127.725
Eoalulavis,Eoalulavis hoyasi,127.725,127.725
Iberomesornis,Iberomesornis romerali,127.725,127.725
Ilerdopteryx,Ilerdopteryx viai,127.725,127.725
Tatarornipes,Tatarornipes chabuensis,127.725,127.725
Ambiortus,Ambiortus dementjevi,128.95,128.95
Eoconfuciusornis,Eoconfuciusornis zhengi,128.95,128.95
Aquatilavipes,Aquatilavipes izumiensis,131.15,131.15
Eopengornis,Eopengornis martini,131.15,131.15
Archaeornithipus,Archaeornithipus meijidei,132.0,132.0
Gallornis,Gallornis straeleni,133.2,133.2
Changchengornis,Changchengornis hengdaoziensis,135.0,135.0
Pullornipes,Pullornipes aureus,141.85000000000002,141.85000000000002
Shenqiornis,Shenqiornis mengi,144.25,144.25
Archaeopteryx,Archaeopteryx lithographica,147.9,147.9
