Acinonyx,Acinonyx jubatus,0.00585,3.9605
Alopex,Alopex lagopus,0.00585,1.05
Amblonyx,Amblonyx cinerea,0.00585,0.00585
Antrozous,Antrozous pallidus,0.00585,7.6000000000000005
Aonyx,Aonyx capensis,0.00585,3.9605
Arctocephalus,Arctocephalus forsteri,0.00585,0.06885
Arctocephalus,Arctocephalus gazella,0.00585,0.00585
Arctocephalus,Arctocephalus pusillus,0.00585,1.29985
Arctocephalus,Arctocephalus townsendi,0.00585,0.00585
Artibeus,Artibeus jamaicensis,0.00585,0.06885
Atilax,Atilax paludinosus,0.00585,1.29985
Bassaricyon,Bassaricyon gabbii,0.00585,0.00585
Bassariscus,Bassariscus astutus,0.00585,0.906
Callorhinus,Callorhinus ursinus,0.00585,1.6845
Canis,Canis adustus,0.00585,3.0940000000000003
Canis,Canis aureus,0.00585,3.0940000000000003
Canis,Canis familiaris,0.00585,1.294
Canis,Canis latrans,0.00585,3.35
Canis,Canis lupus,0.00585,3.0940000000000003
Canis,Canis mesomelas,0.00585,3.9605
Caracal,Caracal caracal,0.00585,12.809000000000001
Caracal,Caracal serval,0.00585,3.0940000000000003
Cerdocyon,Cerdocyon thous,0.00585,0.063
Civettictis,Civettictis civetta,0.00585,3.9605
Conepatus,Conepatus semistriatus,0.00585,0.063
Crocuta,Crocuta crocuta,0.00585,3.9605
Cryptoprocta,Cryptoprocta ferox,0.00585,0.00585
Cryptotis,Cryptotis parva,0.00585,3.35
Cynictis,Cynictis penicillata,0.00585,3.0940000000000003
Cystophora,Cystophora cristata,0.00585,0.00585
Desmodus,Desmodus rotundus,0.00585,0.06885
Eira,Eira barbara,0.00585,0.063
Enhydra,Enhydra lutris,0.00585,0.156
Eptesicus,Eptesicus fuscus,0.00585,3.35
Erignathus,Erignathus barbatus,0.00585,1.29985
Eumetopias,Eumetopias jubata,0.00585,4.4665
Eumops,Eumops glaucinus,0.00585,0.06885
Eumops,Eumops perotis,0.00585,3.35
Felis,Felis libyca,0.00585,3.0940000000000003
Felis,Felis silvestris,0.00585,3.0940000000000003
Fossa,Fossa fossana,0.00585,0.00585
Galictis,Galictis vittata,0.00585,0.00585
Genetta,Genetta genetta,0.00585,2.6723500000000002
Genetta,Genetta tigrina,0.00585,1.29985
Halichoerus,Halichoerus grypus,0.00585,1.29985
Herpestes,Herpestes ichneumon,0.00585,3.9605
Herpestes,Herpestes pulverulentus,0.00585,1.29985
Herpestes,Herpestes sanguineus,0.00585,1.29985
Histriophoca,Histriophoca fasciata,0.00585,0.06885
Hyaena,Hyaena hyaena,0.00585,3.9605
Hydrurga,Hydrurga leptonyx,0.00585,0.00585
Ichneumia,Ichneumia albicauda,0.00585,1.29985
Ictonyx,Ictonyx striatus,0.00585,1.29985
Lasiurus,Lasiurus borealis,0.00585,3.35
Leopardus,Leopardus pardalis,0.00585,0.156
Leopardus,Leopardus wiedii,0.00585,0.906
Leptonychotes,Leptonychotes weddelli,0.00585,0.00585
Lobodon,Lobodon carcinophaga,0.00585,1.29985
Lontra,Lontra canadensis,0.00585,3.35
Lontra,Lontra longicaudis,0.00585,0.063
Lutra,Lutra lutra,0.00585,1.6845
Lycaon,Lycaon pictus,0.00585,1.29985
Lynx,Lynx rufus,0.00585,3.35
Martes,Martes martes,0.00585,1.6845
Martes,Martes zibellina,0.00585,0.00585
Meles,Meles meles,0.00585,1.6845
Mellivora,Mellivora capensis,0.00585,12.809000000000001
Mephitis,Mephitis mephitis,0.00585,3.35
Mirounga,Mirounga angustirostris,0.00585,0.156
Mirounga,Mirounga leonina,0.00585,1.29985
Monachus,Monachus monachus,0.00585,1.6845
Mungos,Mungos mungo,0.00585,1.294
Mustela,Mustela americana,0.00585,1.29985
Mustela,Mustela erminea,0.00585,1.05
Mustela,Mustela frenata,0.00585,3.35
Mustela,Mustela nivalis,0.00585,1.294
Mustela,Mustela vison,0.00585,1.05
Myotis,Myotis velifer,0.00585,1.05
Nasua,Nasua nasua,0.00585,0.00585
Neomonachus,Neomonachus schauinslandi,0.00585,0.00585
Neomonachus,Neomonachus tropicalis,0.00585,1.294
Neomys,Neomys fodiens,0.00585,0.06885
Neophoca,Neophoca cinerea,0.00585,0.06885
Noctilio,Noctilio albiventris,0.00585,15.9
Noctilio,Noctilio leporinus,0.00585,0.00585
Notiosorex,Notiosorex crawfordi,0.00585,1.05
Odobenus,Odobenus rosmarus,0.00585,7.098000000000001
Ommatophoca,Ommatophoca rossii,0.00585,1.6845
Otaria,Otaria byronia,0.00585,0.06885
Otocyon,Otocyon megalotis,0.00585,1.29985
Pagophilus,Pagophilus groenlandica,0.00585,1.6845
Panthera,Panthera leo,0.00585,3.057
Panthera,Panthera onca,0.00585,3.35
Panthera,Panthera pardus,0.00585,3.9605
Panthera,Panthera tigris,0.00585,1.6845
Parahyaena,Parahyaena brunnea,0.00585,12.809000000000001
Phoca,Phoca caspica,0.00585,0.00585
Phoca,Phoca hispida,0.00585,1.29985
Phoca,Phoca largha,0.00585,0.06885
Phoca,Phoca vitulina,0.00585,1.29985
Phocarctos,Phocarctos hookeri,0.00585,3.9605
Pipistrellus,Pipistrellus hesperus,0.00585,0.00585
Potos,Potos flavus,0.00585,0.00585
Procyon,Procyon cancrivorus,0.00585,0.063
Procyon,Procyon lotor,0.00585,3.35
Pseudalopex,Pseudalopex gymnocercus,0.00585,1.6845
Pteronura,Pteronura brasiliensis,0.00585,1.294
Puma,Puma concolor,0.00585,3.35
Puma,Puma yagouaroundi,0.00585,0.06885
Pusa,Pusa hispida,0.00585,0.06885
Pusa,Pusa sibirica,0.00585,0.00585
Smilodon,Smilodon populator,0.00585,1.6845
Sorex,Sorex cinereus,0.00585,3.35
Sorex,Sorex palustris,0.00585,3.35
Speothos,Speothos venaticus,0.00585,0.00585
Spilogale,Spilogale putorius,0.00585,3.35
Tadarida,Tadarida brasiliensis,0.00585,1.29985
Trachops,Trachops cirrhosus,0.00585,0.06885
Urocyon,Urocyon cinereoargenteus,0.00585,3.35
Ursus,Ursus americanus,0.00585,3.35
Ursus,Ursus arctos,0.00585,1.6845
Ursus,Ursus maritimus,0.00585,0.06885
Vulpes,Vulpes chama,0.00585,1.6845
Vulpes,Vulpes vulpes,0.00585,2.894
Zalophus,Zalophus californianus,0.00585,1.29985
Arctodus,Arctodus simus,0.063,3.35
Arctotherium,Arctotherium (Pararctotherium) brasiliense,0.063,1.29985
Arctotherium,Arctotherium wingei,0.063,1.6845
Blarina,Blarina brevicauda,0.063,3.35
Brachyprotoma,Brachyprotoma obtusata,0.063,1.05
Chrotopterus,Chrotopterus auritus,0.063,1.294
Desmodus,Desmodus draculae,0.063,1.6845
Gulo,Gulo gulo,0.063,1.6845
Lasionycteris,Lasionycteris noctivagans,0.063,3.35
Leopardus,Leopardus tigrinus,0.063,0.063
Lynx,Lynx lynx,0.063,3.9605
Mephitis,Mephitis macroura,0.063,0.063
Mustela,Mustela nigripes,0.063,1.05
Myotis,Myotis lucifugus,0.063,1.29985
Pekania,Pekania pennanti,0.063,1.29985
Plecotus,Plecotus townsendii,0.063,0.06885
Protocyon,Protocyon troglodytes,0.063,1.294
Smilodon,Smilodon fatalis,0.063,1.29985
Sorex,Sorex arcticus,0.063,1.29985
Sorex,Sorex dispar,0.063,1.05
Sorex,Sorex fumeus,0.063,1.29985
Sorex,Sorex hoyi,0.063,1.29985
Taxidea,Taxidea taxus,0.063,3.35
Tremarctos,Tremarctos floridanus,0.063,3.35
Vulpes,Vulpes velox,0.063,3.35
Ailuropoda,Ailuropoda melanoleuca,0.06885,0.4535
Anourosorex,Anourosorex squamipes,0.06885,0.06885
Arctodus,Arctodus pristinus,0.06885,3.35
Arctonyx,Arctonyx collaris,0.06885,1.6845
Balantiopteryx,Balantiopteryx io,0.06885,0.06885
Blarina,Blarina carolinensis,0.06885,3.35
Canis,Canis armbrusteri,0.06885,2.6
Canis,Canis dirus,0.06885,1.6845
Canis,Canis lepophagus,0.06885,7.6000000000000005
Canis,Canis rufus,0.06885,3.35
Conepatus,Conepatus leuconotus,0.06885,1.29985
Conepatus,Conepatus robustus,0.06885,0.06885
Crocidura,Crocidura russula,0.06885,1.29985
Cubanycteris,Cubanycteris silvai,0.06885,0.06885
Cuon,Cuon alpinus,0.06885,1.29985
Cynotherium,Cynotherium sardous,0.06885,1.80585
Desmodus,Desmodus stocki,0.06885,0.156
Dusicyon,Dusicyon avus,0.06885,0.3965
Felis,Felis domesticus,0.06885,0.06885
Herpestes,Herpestes urva,0.06885,0.39635000000000004
Homotherium,Homotherium serum,0.06885,1.29985
Isolalutra,Isolalutra cretensis,0.06885,0.06885
Lasiurus,Lasiurus intermedius,0.06885,0.156
Leptonycteris,Leptonycteris nivalis,0.06885,0.06885
Lophostoma,Lophostoma silvicolum,0.06885,0.06885
Lynx,Lynx canadensis,0.06885,1.05
Martes,Martes foina,0.06885,0.4535
Megalenhydris,Megalenhydris barbaricina,0.06885,0.06885
Miracinonyx,Miracinonyx inexpectatus,0.06885,3.35
Miracinonyx,Miracinonyx studeri,0.06885,3.35
Mustela,Mustela putorius,0.06885,2.6723500000000002
Mustela,Mustela reliquus,0.06885,0.06885
Mustela,Mustela sibirica,0.06885,0.06885
Myotis,Myotis austroriparius,0.06885,1.05
Myotis,Myotis grisescens,0.06885,1.29985
Myotis,Myotis keenii,0.06885,1.29985
Myotis,Myotis myotis,0.06885,1.29985
Myotis,Myotis thysanodes,0.06885,1.05
Neofelis,Neofelis nebulosa,0.06885,0.06885
Nyctereutes,Nyctereutes procyonoides,0.06885,1.294
Nycticeius,Nycticeius humeralis,0.06885,0.06885
Paguma,Paguma larvata,0.06885,1.294
Phyllops,Phyllops silvai,0.06885,0.06885
Pipistrellus,Pipistrellus subflavus,0.06885,3.35
Plecotus,Plecotus auritus,0.06885,1.357
Plecotus,Plecotus tetralophodon,0.06885,0.06885
Rhinolophus,Rhinolophus ferrumequinum,0.06885,2.894
Smilodon,Smilodon gracilis,0.06885,3.35
Sorex,Sorex araneus,0.06885,1.6845
Sorex,Sorex longirostris,0.06885,0.06885
Sorex,Sorex merriami,0.06885,0.06885
Sorex,Sorex minutus,0.06885,4.550000000000001
Sorex,Sorex monticolus,0.06885,1.05
Sorex,Sorex vagrans,0.06885,0.06885
Suricata,Suricata suricatta,0.06885,1.6845
Tadarida,Tadarida aurispinosa,0.06885,0.06885
Tadarida,Tadarida laticaudata,0.06885,0.06885
Ursus,Ursus malayanus,0.06885,0.4535
Ursus,Ursus thibetanus,0.06885,1.6845
Vespertilio,Vespertilio murinus,0.06885,0.4535
Viverra,Viverra zibetha,0.06885,0.4535
Vulpes,Vulpes cascadensis,0.06885,0.06885
Enhydra,Enhydra macrodonta,0.156,1.05
Dusicyon,Dusicyon sechurae,0.39635000000000004,0.39635000000000004
Panthera,Panthera gombaszoegensis,0.39635000000000004,3.9605
Protocyon,Protocyon orcesi,0.39635000000000004,0.39635000000000004
Ursus,Ursus spelaeus,0.39635000000000004,3.0940000000000003
Cyrnaonyx,Cyrnaonyx antiqua,0.4535,0.4535
Episoriculus,Episoriculus corsicanus,0.4535,0.4535
Lutra,Lutra castiglionis,0.4535,0.4535
Lutra,Lutra simplicidens,0.4535,1.6845
Mustela,Mustela eversmannii,0.4535,1.29985
Ontocetus,Ontocetus emmonsi,0.4535,12.809000000000001
Paradoxurus,Paradoxurus hermaphroditus,0.4535,0.4535
Petenyia,Petenyia hungarica,0.4535,7.0165
Pliocrocuta,Pliocrocuta perrieri,0.4535,3.9605
Rhinolophus,Rhinolophus euryale,0.4535,3.9605
Sorex,Sorex praealpinus,0.4535,3.7
Sorex,Sorex praearaneus,0.4535,3.7
Sorex,Sorex runtonensis,0.4535,4.050000000000001
Xenocyon,Xenocyon lycaonoides,0.4535,1.6845
Canis,Canis cedazoensis,1.05,1.05
Canis,Canis edwardii,1.05,14.1815
Chasmaporthetes,Chasmaporthetes ossifragus,1.05,3.35
Desmodus,Desmodus archaeodaptes,1.05,3.35
Lasiurus,Lasiurus cinereus,1.05,1.05
Lasiurus,Lasiurus golliheri,1.05,1.05
Myotis,Myotis leibi,1.05,1.29985
Notiosorex,Notiosorex jacksoni,1.05,3.35
Osmotherium,Osmotherium spelaeum,1.05,1.05
Pekania,Pekania diluviana,1.05,1.05
Plecotus,Plecotus alleganiensis,1.05,1.05
Plecotus,Plecotus rafinesquii,1.05,1.05
Satherium,Satherium piscinarium,1.05,3.35
Sorex,Sorex cudahyensis,1.05,1.05
Sorex,Sorex kansasensis,1.05,1.05
Sorex,Sorex lacustris,1.05,1.05
Sorex,Sorex megapalustris,1.05,1.05
Sorex,Sorex pratensis,1.05,1.05
Sorex,Sorex scottensis,1.05,1.05
Tisisthenes,Tisisthenes parvus,1.05,1.05
Trigonictis,Trigonictis cookii,1.05,3.35
Trigonictis,Trigonictis macrodon,1.05,3.35
Uncia,Uncia mercerii,1.05,1.05
Urocyon,Urocyon minicephalus,1.05,1.05
Vulpes,Vulpes stenognathus,1.05,14.785
Xenocyon,Xenocyon texanus,1.05,1.05
Xenosmilus,Xenosmilus hodsonae,1.05,2.6
Eumetopias,Eumetopias kishidai,1.2935,1.2935
Necromites,Necromites nestoris,1.2935,1.2935
Oriensarctos,Oriensarctos watasei,1.2935,1.2935
Canis,Canis anthus,1.294,1.294
Chrysocyon,Chrysocyon brachyurus,1.294,1.6845
Cubacyon,Cubacyon transversidens,1.294,1.294
Leopardus,Leopardus braccatus,1.294,1.294
Lutra,Lutra maculicollis,1.294,1.29985
Sardolutra,Sardolutra ichnusae,1.294,1.294
Ailuropoda,Ailuropoda baconi,1.29985,1.29985
Algarolutra,Algarolutra majori,1.29985,1.29985
Dusicyon,Dusicyon culpaeus,1.29985,1.29985
Felis,Felis nigripes,1.29985,1.29985
Felis,Felis platensis,1.29985,1.6845
Felis,Felis youngi,1.29985,1.29985
Lutra,Lutra bressana,1.29985,1.29985
Lutra,Lutra trinacriae,1.29985,1.29985
Lynx,Lynx pardinus,1.29985,1.6845
Megantereon,Megantereon cultridens,1.29985,3.9605
Megantereon,Megantereon eurynodon,1.29985,2.6723500000000002
Megantereon,Megantereon nihowanensis,1.29985,1.29985
Megantereon,Megantereon whitei,1.29985,3.0940000000000003
Neophoca,Neophoca palatina,1.29985,1.29985
Nesolutra,Nesolutra euxena,1.29985,1.29985
Odobenus,Odobenus mandanoensis,1.29985,1.29985
Prophoca,Prophoca rousseaui,1.29985,17.130000000000003
Proteles,Proteles cristatus,1.29985,1.29985
Proterozetes,Proterozetes ulysses,1.29985,1.29985
Rhinolophus,Rhinolophus grivensis,1.29985,18.205000000000002
Smilodon,Smilodon riggii,1.29985,1.29985
Sorex,Sorex bor,1.29985,4.550000000000001
Uncia,Uncia spelea,1.29985,1.29985
Viverricula,Viverricula malaccensis,1.29985,1.29985
Homotherium,Homotherium venezuelensis,1.357,1.357
Megantereon,Megantereon megantereon,1.60585,3.9605
Ailuropoda,Ailuropoda microta,1.6845,3.0940000000000003
Ailuropoda,Ailuropoda wulingshanensis,1.6845,1.6845
Arctotherium,Arctotherium tarijense,1.6845,1.6845
Blarinoides,Blarinoides mariae,1.6845,4.550000000000001
Callorhinus,Callorhinus gilmorei,1.6845,3.35
Canis,Canis apolloniensis,1.6845,1.6845
Canis,Canis proplatensis,1.6845,1.6845
Conepatus,Conepatus suffocans,1.6845,1.6845
Episoriculus,Episoriculus gibberodon,1.6845,11.520850000000001
Eptesicus,Eptesicus praeglacialis,1.6845,2.894
Lycyaenops,Lycyaenops silberbergi,1.6845,1.6845
Meles,Meles iberica,1.6845,1.6845
Mustela,Mustela altaica,1.6845,1.6845
Mustela,Mustela jacksoni,1.6845,1.6845
Plecotus,Plecotus crassidens,1.6845,4.550000000000001
Prionailurus,Prionailurus bengalensis,1.6845,1.6845
Protocyon,Protocyon tarijensis,1.6845,1.6845
Sorex,Sorex margaritodon,1.6845,1.6845
Sorex,Sorex quadraticauda,1.6845,1.6845
Leopardus,Leopardus vorohuensis,2.1,2.1
Enhydra,Enhydra reevei,2.1905,2.197
Helogale,Helogale hirtula,2.197,2.197
Lutra,Lutra bravardi,2.197,2.894
Parailurus,Parailurus anglicus,2.197,3.9605
Sulimskia,Sulimskia kretzoii,2.197,4.550000000000001
Sorex,Sorex subminutus,2.6723500000000002,3.9605
Alloblarinella,Alloblarinella europaea,2.894,11.925
Baranogale,Baranogale helbingi,2.894,4.550000000000001
Blarinoides,Blarinoides aliciae,2.894,2.894
Ursus,Ursus arvernensis,2.894,3.9605
Acinonyx,Acinonyx aicha,3.0940000000000003,3.0940000000000003
Agriotherium,Agriotherium africanum,3.0940000000000003,4.917
Crocuta,Crocuta dbaa,3.0940000000000003,3.0940000000000003
Dusignathus,Dusignathus seftoni,3.0940000000000003,4.4665
Enhydriodon,Enhydriodon africanus,3.0940000000000003,12.809000000000001
Enhydriodon,Enhydriodon sivalensis,3.0940000000000003,3.9605
Felis,Felis obscura,3.0940000000000003,4.917
Felis,Felis rexroadensis,3.0940000000000003,7.6000000000000005
Herpestes,Herpestes abdelalii,3.0940000000000003,3.0940000000000003
Hyaena,Hyaena abronia,3.0940000000000003,4.917
Hyaenictis,Hyaenictis preforfex,3.0940000000000003,4.917
Hyaenictitherium,Hyaenictitherium barbarum,3.0940000000000003,3.0940000000000003
Ichneumia,Ichneumia nims,3.0940000000000003,3.0940000000000003
Lasiurus,Lasiurus seminolus,3.0940000000000003,3.0940000000000003
Lutra,Lutra fatimazohrae,3.0940000000000003,3.0940000000000003
Mellivora,Mellivora punjabiensis,3.0940000000000003,4.917
Nyctereutes,Nyctereutes abdeslami,3.0940000000000003,3.0940000000000003
Percrocuta,Percrocuta australis,3.0940000000000003,4.917
Phocanella,Phocanella pumila,3.0940000000000003,12.809000000000001
Phoca,Phoca (Phoca) moori,3.0940000000000003,3.0940000000000003
Pliophoca,Pliophoca etrusca,3.0940000000000003,6.2895
Thalassoleon,Thalassoleon macnallyae,3.0940000000000003,6.2895
Viverra,Viverra leakeyi,3.0940000000000003,9.433
Agriotherium,Agriotherium schneideri,3.35,12.719999999999999
Anzanycteris,Anzanycteris anzensis,3.35,3.35
Bassariscus,Bassariscus casei,3.35,3.35
Beckiasorex,Beckiasorex hibbardi,3.35,3.35
Borophagus,Borophagus diversidens,3.35,3.35
Borophagus,Borophagus hilli,3.35,14.1815
Brachyopsigale,Brachyopsigale dubius,3.35,7.6000000000000005
Buisnictis,Buisnictis breviramus,3.35,3.35
Buisnictis,Buisnictis burrowsi,3.35,3.35
Buisnictis,Buisnictis metabatos,3.35,3.35
Buisnictis,Buisnictis schoffi,3.35,7.6000000000000005
Canis,Canis ferox,3.35,7.6000000000000005
Canis,Canis thooides,3.35,3.35
Cerdocyon,Cerdocyon avius,3.35,3.9605
Cerdocyon,Cerdocyon texanus,3.35,7.6000000000000005
Chrysocyon,Chrysocyon nearcticus,3.35,3.35
Cryptotis,Cryptotis adamsi,3.35,7.6000000000000005
Cryptotis,Cryptotis kansasensis,3.35,3.35
Cryptotis,Cryptotis meadensis,3.35,3.35
Dinofelis,Dinofelis palaeoonca,3.35,3.35
Eucyon,Eucyon davisi,3.35,14.1815
Felis,Felis lacustris,3.35,3.35
Ferinestrix,Ferinestrix vorax,3.35,3.35
Histiotus,Histiotus stocki,3.35,3.35
Homotherium,Homotherium crusafonti,3.35,3.35
Homotherium,Homotherium idahoensis,3.35,3.35
Homotherium,Homotherium johnstoni,3.35,3.35
Lasiurus,Lasiurus fossilis,3.35,3.35
Martes,Martes foxi,3.35,3.35
Megantereon,Megantereon hesperus,3.35,7.6000000000000005
Mephitis,Mephitis rexroadensis,3.35,3.35
Mustela,Mustela meltoni,3.35,3.35
Mustela,Mustela rexroadensis,3.35,7.6000000000000005
Nasua,Nasua pronarica,3.35,3.35
Notiosorex,Notiosorex repenningi,3.35,3.35
Paracryptotis,Paracryptotis gidleyi,3.35,3.35
Paracryptotis,Paracryptotis rex,3.35,11.95
Planisorex,Planisorex dixonensis,3.35,3.35
Plionarctos,Plionarctos harroldorum,3.35,3.35
Procyon,Procyon rexroadensis,3.35,3.35
Sminthosinis,Sminthosinis bowleri,3.35,3.35
Sorex,Sorex hagermanensis,3.35,3.35
Sorex,Sorex leahyi,3.35,3.35
Sorex,Sorex meltoni,3.35,3.35
Sorex,Sorex powersi,3.35,3.35
Sorex,Sorex rexroadensis,3.35,3.35
Sorex,Sorex sandersi,3.35,3.35
Sorex,Sorex taylori,3.35,3.35
Spilogale,Spilogale microdens,3.35,3.35
Spilogale,Spilogale rexroadi,3.35,3.35
Theriodictis,Theriodictis floridanus,3.35,3.35
Urocyon,Urocyon citrinus,3.35,3.35
Urocyon,Urocyon galushai,3.35,3.35
Urocyon,Urocyon progressus,3.35,3.35
Ursus,Ursus abstrusus,3.35,4.4665
Valenictus,Valenictus chulavistensis,3.35,3.35
Cokia,Cokia robusta,3.7,4.550000000000001
Kordosia,Kordosia topali,3.7,7.0165
Myotis,Myotis helleri,3.7,3.7
Petenyiella,Petenyiella zelcea,3.7,3.7
Rhinolophus,Rhinolophus delphinensis,3.7,14.81
Sorex,Sorex hibbardi,3.7,3.7
Sorex,Sorex pseudoalpinus,3.7,8.470500000000001
Batavipusa,Batavipusa neerlandica,3.9605,9.433
Dusignathus,Dusignathus santacruzensis,3.9605,6.2895
Enhydriodon,Enhydriodon ekecaman,3.9605,4.4665
Enhydriodon,Enhydriodon falconeri,3.9605,8.470500000000001
Gryphoca,Gryphoca similis,3.9605,14.1815
Homiphoca,Homiphoca capensis,3.9605,12.809000000000001
Imagotaria,Imagotaria downsi,3.9605,11.95
Lutra,Lutra affinis,3.9605,7.0165
Machairodus,Machairodus irtyschensis,3.9605,3.9605
Manis,Manis (Smutsia) gigantea,3.9605,4.4665
Paludolutra,Paludolutra lluecai,3.9605,7.0165
Platyphoca,Platyphoca vulgaris,3.9605,4.4665
Sivaonyx,Sivaonyx kamuhangirei,3.9605,4.4665
Suncus,Suncus murinus,3.9605,3.9605
Zelceina,Zelceina kormosi,3.9605,8.470500000000001
Agriotherium,Agriotherium sivalensis,4.4665,4.4665
Amphimachairodus,Amphimachairodus coloradensis,4.4665,14.1815
Arctisorex,Arctisorex polaris,4.4665,4.4665
Arctomeles,Arctomeles sotnikovae,4.4665,4.4665
Borophagus,Borophagus dudleyi,4.4665,4.4665
Borophagus,Borophagus orc,4.4665,7.6000000000000005
Cokia,Cokia kowalskae,4.4665,8.470500000000001
Enhydriodon,Enhydriodon dikikae,4.4665,4.4665
Enhydritherium,Enhydritherium terraenovae,4.4665,14.1815
Gryphoca,Gryphoca nordica,4.4665,9.433
Lunanosorex,Lunanosorex lii,4.4665,4.4665
Machairodus,Machairodus ischimicus,4.4665,4.4665
Macroderma,Macroderma koppa,4.4665,4.4665
Paenelimnoecus,Paenelimnoecus obtusus,4.4665,8.470500000000001
Paenepetenyia,Paenepetenyia zhudingi,4.4665,8.470500000000001
Paranourosorex,Paranourosorex inexspectatus,4.4665,8.470500000000001
Petenyia,Petenyia katrinae,4.4665,4.4665
Pliopedia,Pliopedia pacifica,4.4665,4.4665
Praepusa,Praepusa boeska,4.4665,4.4665
Protodobenus,Protodobenus japonicus,4.4665,4.4665
Sorex,Sorex ertemteensis,4.4665,8.470500000000001
Sorex,Sorex minutoides,4.4665,8.470500000000001
Thalassoleon,Thalassoleon inouei,4.4665,4.4665
Thalassoleon,Thalassoleon mexicanus,4.4665,6.2895
Valenictus,Valenictus imperialensis,4.4665,6.2895
Vulpes,Vulpes mathisoni,4.4665,4.4665
Paranourosorex,Paranourosorex gigas,4.550000000000001,4.550000000000001
Soriculus,Soriculus kubinyi,4.550000000000001,4.550000000000001
Zelceina,Zelceina podlesicensis,4.550000000000001,4.550000000000001
Parahyaenodon,Parahyaenodon argentinus,5.4,5.4
Pithanotaria,Pithanotaria starri,5.423,9.433
Arctomeles,Arctomeles dimolodontus,6.050000000000001,6.050000000000001
Plionarctos,Plionarctos edensis,6.050000000000001,7.6000000000000005
Pristinailurus,Pristinailurus bristoli,6.050000000000001,6.050000000000001
Megaderma,Megaderma vireti,6.073,9.2
Myotis,Myotis boyeri,6.073,8.470500000000001
Acrophoca,Acrophoca longirostris,6.2895,9.433
Aivukus,Aivukus cedrosensis,6.2895,7.098000000000001
Gomphotaria,Gomphotaria pugnax,6.2895,6.2895
Hadrokirus,Hadrokirus martini,6.2895,6.2895
Hydrarctos,Hydrarctos lomasiensis,6.2895,6.2895
Machairodus,Machairodus kabir,6.2895,6.2895
Messiphoca,Messiphoca mauretanica,6.2895,6.2895
Piscophoca,Piscophoca pacifica,6.2895,6.2895
Pontolis,Pontolis magnus,6.2895,11.95
Sivaonyx,Sivaonyx soriae,6.2895,6.2895
Thalassictis,Thalassictis robusta,6.325,10.399999999999999
Cyonasua,Cyonasua groeberi,6.5,6.5
Amblycoptus,Amblycoptus jessiae,7.0165,7.0165
Amphimachairodus,Amphimachairodus giganteus,7.0165,8.470500000000001
Anourosorex,Anourosorex oblongus,7.0165,7.0165
Crusafontina,Crusafontina vandeweerdi,7.0165,7.0165
Deinsdorfia,Deinsdorfia kerkhoffi,7.0165,7.0165
Eomellivora,Eomellivora wimani,7.0165,11.95
Heterosorex,Heterosorex wangi,7.0165,7.0165
Indarctos,Indarctos atticus,7.0165,7.0165
Machairodus,Machairodus kurteni,7.0165,7.0165
Paenelimnoecus,Paenelimnoecus repenningi,7.0165,10.399999999999999
Paludolutra,Paludolutra campanii,7.0165,7.0165
Paludolutra,Paludolutra maremmana,7.0165,7.0165
Tyrrhenolutra,Tyrrhenolutra helbingi,7.0165,7.0165
Adelphailurus,Adelphailurus kansensis,7.6000000000000005,7.6000000000000005
Aelurodon,Aelurodon taxoides,7.6000000000000005,14.1815
Alluvisorex,Alluvisorex arcadentes,7.6000000000000005,14.785
Arctonasua,Arctonasua eurybates,7.6000000000000005,7.6000000000000005
Arctonasua,Arctonasua fricki,7.6000000000000005,7.6000000000000005
Barbourofelis,Barbourofelis fricki,7.6000000000000005,7.6000000000000005
Barbourofelis,Barbourofelis loveorum,7.6000000000000005,11.95
Bassariscus,Bassariscus ogallalae,7.6000000000000005,13.135000000000002
Borophagus,Borophagus parvus,7.6000000000000005,7.6000000000000005
Borophagus,Borophagus pugnator,7.6000000000000005,14.1815
Borophagus,Borophagus secundus,7.6000000000000005,14.1815
Carpocyon,Carpocyon limosus,7.6000000000000005,7.6000000000000005
Carpocyon,Carpocyon webbi,7.6000000000000005,14.785
Cernictis,Cernictis hesperus,7.6000000000000005,7.6000000000000005
Cernictis,Cernictis repenningi,7.6000000000000005,7.6000000000000005
Chamitaxus,Chamitaxus avitus,7.6000000000000005,7.6000000000000005
Conepatus,Conepatus sanmiguelensis,7.6000000000000005,14.1815
Crusafontina,Crusafontina magna,7.6000000000000005,9.25
Epicyon,Epicyon aelurodontoides,7.6000000000000005,7.6000000000000005
Epicyon,Epicyon haydeni,7.6000000000000005,18.2
Epicyon,Epicyon saevus,7.6000000000000005,14.785
Indarctos,Indarctos nevadensis,7.6000000000000005,7.6000000000000005
Indarctos,Indarctos oregonensis,7.6000000000000005,7.6000000000000005
Leptarctus,Leptarctus supremus,7.6000000000000005,7.6000000000000005
Leptarctus,Leptarctus woodburnei,7.6000000000000005,14.1815
Lutravus,Lutravus halli,7.6000000000000005,11.95
Lynx,Lynx longignathus,7.6000000000000005,7.6000000000000005
Lynx,Lynx proterolyncis,7.6000000000000005,7.6000000000000005
Machairodus,Machairodus catocopis,7.6000000000000005,7.6000000000000005
Martinogale,Martinogale alveodens,7.6000000000000005,7.6000000000000005
Martinogale,Martinogale chisoensis,7.6000000000000005,7.6000000000000005
Metalopex,Metalopex bakeri,7.6000000000000005,7.6000000000000005
Metalopex,Metalopex merriami,7.6000000000000005,14.1815
Nimravides,Nimravides hibbardi,7.6000000000000005,7.6000000000000005
Nimravides,Nimravides thinobates,7.6000000000000005,14.1815
Pekania,Pekania occulta,7.6000000000000005,7.6000000000000005
Plesiogulo,Plesiogulo lindsayi,7.6000000000000005,7.6000000000000005
Plesiogulo,Plesiogulo marshalli,7.6000000000000005,7.6000000000000005
Pliogale,Pliogale furlongi,7.6000000000000005,7.6000000000000005
Plionictis,Plionictis oregonensis,7.6000000000000005,7.6000000000000005
Pliotaxidea,Pliotaxidea garberi,7.6000000000000005,7.6000000000000005
Pliotaxidea,Pliotaxidea nevadensis,7.6000000000000005,14.1815
Pratifelis,Pratifelis martini,7.6000000000000005,7.6000000000000005
Pseudaelurus,Pseudaelurus intrepidus,7.6000000000000005,18.2
Simocyon,Simocyon primigenius,7.6000000000000005,8.470500000000001
Sorex,Sorex edwardsi,7.6000000000000005,9.25
Sorex,Sorex yatkolai,7.6000000000000005,7.6000000000000005
Taxidea,Taxidea mexicana,7.6000000000000005,7.6000000000000005
Urocyon,Urocyon webbi,7.6000000000000005,7.6000000000000005
Panthera,Panthera blytheae,7.604,7.604
Cyonasua,Cyonasua argentina,7.9,7.9
Cyonasua,Cyonasua pascuali,7.9,7.9
Noctilio,Noctilio lacrimaelunaris,7.9,9.433
Siamogale,Siamogale melilutra,8.0,8.0
Allohyaena,Allohyaena kadici,8.225,8.225
Crusafontina,Crusafontina kormosi,8.225,8.225
Petenyia,Petenyia dubia,8.225,11.925
Plesiodimylus,Plesiodimylus chantrei,8.225,16.435
Agriotherium,Agriotherium inexpetans,8.470500000000001,8.470500000000001
Alloblarinella,Alloblarinella sinica,8.470500000000001,8.470500000000001
Builstynia,Builstynia fontana,8.470500000000001,8.470500000000001
Cryptophoca,Cryptophoca maeotica,8.470500000000001,14.895
Cynarctus,Cynarctus crucidens,8.470500000000001,14.1815
Felis,Felis prisca,8.470500000000001,8.470500000000001
Goupilictis,Goupilictis minor,8.470500000000001,25.715
Indarctos,Indarctos arctoides,8.470500000000001,9.2
Ischyrocyon,Ischyrocyon gidleyi,8.470500000000001,14.1815
Limnonyx,Limnonyx pontica,8.470500000000001,12.154
Martinogale,Martinogale faulli,8.470500000000001,8.470500000000001
Miniopterus,Miniopterus fossilis,8.470500000000001,13.2
Paralutra,Paralutra garganensis,8.470500000000001,8.470500000000001
Praepusa,Praepusa vindobonensis,8.470500000000001,14.895
Sivaonyx,Sivaonyx hessicus,8.470500000000001,8.470500000000001
Sivaonyx,Sivaonyx senutae,8.470500000000001,8.470500000000001
Australophoca,Australophoca changorum,8.4765,9.433
Crusafontina,Crusafontina endemica,9.2,10.399999999999999
Dinosorex,Dinosorex engesseri,9.2,10.399999999999999
Metacordylodon,Metacordylodon schlosseri,9.2,13.795
Plesiosorex,Plesiosorex evolutus,9.2,10.399999999999999
Simocyon,Simocyon batalleri,9.2,9.2
Aelurodon,Aelurodon ferox,9.25,14.785
Barbourofelis,Barbourofelis morrisi,9.25,11.95
Leptocyon,Leptocyon matthewi,9.25,11.95
Nimravides,Nimravides galiani,9.25,11.95
Paratomarctus,Paratomarctus euthos,9.25,14.1815
Paratomarctus,Paratomarctus temerarius,9.25,14.895
Allodesmus,Allodesmus megallos,9.433,12.719999999999999
Archaeodobenus,Archaeodobenus akamatsui,9.433,9.433
Kawas,Kawas benegasorum,9.433,9.433
Leptophoca,Leptophoca proxima,9.433,18.205000000000002
Mionictis,Mionictis dubia,9.433,13.795
Miophoca,Miophoca vetusta,9.433,14.895
Monachopsis,Monachopsis pontica,9.433,12.719999999999999
Otaria,Otaria fischeri,9.433,9.433
Pachyphoca,Pachyphoca ukrainica,9.433,12.719999999999999
Platyphoca,Platyphoca danica,9.433,9.433
Pontophoca,Pontophoca jutlandica,9.433,9.433
Sivaonyx,Sivaonyx gandakasensis,9.433,9.433
Amphicyon,Amphicyon major,10.154,19.5
Angustidens,Angustidens excultus,10.399999999999999,10.399999999999999
Eptesicus,Eptesicus campanensis,10.399999999999999,14.81
Miostrellus,Miostrellus risgoviensis,10.399999999999999,13.2
Paralutra,Paralutra jaegeri,10.399999999999999,10.399999999999999
Plesiosorex,Plesiosorex schaffneri,10.399999999999999,11.925
Ursavus,Ursavus brevirhinus,10.399999999999999,18.2
Ursavus,Ursavus primaevus,10.399999999999999,14.81
Leptarctus,Leptarctus wortmani,10.435,11.95
Pseudotaria,Pseudotaria muramotoi,10.533000000000001,10.533000000000001
Hemicyon,Hemicyon sansaniensis,11.608,18.205000000000002
Plithocyon,Plithocyon armagnacensis,11.608,13.795
Pseudaelurus,Pseudaelurus quadridentatus,11.608,15.274999999999999
Pseudocyon,Pseudocyon sansaniensis,11.608,18.205000000000002
Dinosorex,Dinosorex pachygnathus,11.925,11.925
Miosorex,Miosorex grivensis,11.925,14.81
Myotis,Myotis murinoides,11.925,11.925
Paenelimnoecus,Paenelimnoecus crouzeli,11.925,12.375
Paenesorex,Paenesorex bicuspis,11.925,11.925
Plesiodimylus,Plesiodimylus crassidens,11.925,16.435
Aelurodon,Aelurodon stirtoni,11.95,14.785
Alluvisorex,Alluvisorex chasseae,11.95,11.95
Alopecocyon,Alopecocyon leardi,11.95,11.95
Anchiblarinella,Anchiblarinella wakeeneyensis,11.95,11.95
Arctonasua,Arctonasua floridana,11.95,11.95
Barbourofelis,Barbourofelis whitfordi,11.95,11.95
Bassariscus,Bassariscus antiquus,11.95,18.2
Borophagus,Borophagus littoralis,11.95,14.1815
Carpocyon,Carpocyon robustus,11.95,14.1815
Crusafontina,Crusafontina minima,11.95,11.95
Cynarctus,Cynarctus voorhiesi,11.95,11.95
Eucyon,Eucyon skinneri,11.95,11.95
Hemicyon,Hemicyon barbouri,11.95,11.95
Hoplictis,Hoplictis grangerensis,11.95,14.1815
Leptarctus,Leptarctus mummorum,11.95,11.95
Leptarctus,Leptarctus webbi,11.95,11.95
Leptocyon,Leptocyon tejonensis,11.95,11.95
Leptocyon,Leptocyon vafer,11.95,14.785
Limnoecus,Limnoecus tricuspis,11.95,14.785
Martes,Martes campestris,11.95,11.95
Martes,Martes stirtoni,11.95,11.95
Metalopex,Metalopex macconnelli,11.95,14.1815
Mionictis,Mionictis angustidens,11.95,11.95
Mionictis,Mionictis pristinus,11.95,14.785
Myotis,Myotis yumanensis,11.95,11.95
Nimravides,Nimravides pedionomus,11.95,11.95
Paranasua,Paranasua biradica,11.95,11.95
Petenyia,Petenyia concisa,11.95,11.95
Plesiosorex,Plesiosorex latidens,11.95,11.95
Pliogale,Pliogale manka,11.95,11.95
Plionictis,Plionictis ogygia,11.95,18.2
Protoprocyon,Protoprocyon savagei,11.95,11.95
Sthenictis,Sthenictis lacota,11.95,11.95
Tregosorex,Tregosorex holmani,11.95,11.95
Vulpes,Vulpes kernensis,11.95,11.95
Histriophoca,Histriophoca alekseevi,12.154,12.154
Monotherium,Monotherium gaudini,12.154,12.809000000000001
Pontophoca,Pontophoca sarmatica,12.154,12.719999999999999
Pontophoca,Pontophoca simionescui,12.154,12.154
Praepusa,Praepusa magyaricus,12.154,12.154
Praepusa,Praepusa pannonica,12.154,12.719999999999999
Sarmatonectes,Sarmatonectes sintsovi,12.154,12.154
Dinosorex,Dinosorex zapfei,12.375,16.435
Potamotherium,Potamotherium miocenicum,12.375,16.435
Pseudaelurus,Pseudaelurus lorteti,12.375,16.435
Pseudaelurus,Pseudaelurus turnauensis,12.375,19.5
Trocharion,Trocharion albanense,12.375,16.435
Allodesmus,Allodesmus gracilis,12.719999999999999,12.719999999999999
Allodesmus,Allodesmus kelloggi,12.719999999999999,12.719999999999999
Allodesmus,Allodesmus naorai,12.719999999999999,12.719999999999999
Allodesmus,Allodesmus sadoensis,12.719999999999999,12.719999999999999
Devinophoca,Devinophoca claytoni,12.719999999999999,12.719999999999999
Devinophoca,Devinophoca emryi,12.719999999999999,12.719999999999999
Leptophoca,Leptophoca lenis,12.719999999999999,18.2
Megagomphos,Megagomphos sinanoensis,12.719999999999999,12.719999999999999
Pachyphoca,Pachyphoca chapskii,12.719999999999999,12.719999999999999
Percrocuta,Percrocuta primordialis,12.719999999999999,12.719999999999999
Properiptychus,Properiptychus argentinus,12.719999999999999,12.719999999999999
Kiotomops,Kiotomops lopezi,12.8,12.8
Notonycteris,Notonycteris magdalenensis,12.8,15.9
Notonycteris,Notonycteris sucharadeus,12.8,15.9
Potamops,Potamops mascahehenes,12.8,12.8
Sivaonyx,Sivaonyx hendeyi,12.809000000000001,12.809000000000001
Carpocyon,Carpocyon compressus,13.135000000000002,14.785
Dinosorex,Dinosorex sansaniensis,13.2,14.895
Megaderma,Megaderma lugdunensis,13.2,13.2
Paleptesicus,Paleptesicus priscus,13.2,13.2
Tadarida,Tadarida engesseri,13.2,13.2
Tadarida,Tadarida leptognatha,13.2,13.2
Agnotherium,Agnotherium antiquum,13.789000000000001,13.789000000000001
Archerops,Archerops annectens,13.789000000000001,13.789000000000001
Clapasorex,Clapasorex alvarezae,13.789000000000001,18.45
Hipposideros,Hipposideros felix,13.789000000000001,13.789000000000001
Kamtschatarctos,Kamtschatarctos sinelnikovae,13.789000000000001,13.789000000000001
Lusorex,Lusorex taishanensis,13.789000000000001,13.789000000000001
Martes,Martes khelifensis,13.789000000000001,13.789000000000001
Mellalictis,Mellalictis mellalensis,13.789000000000001,13.789000000000001
Pteronarctos,Pteronarctos goedertae,13.789000000000001,18.205000000000002
Rhinolophus,Rhinolophus yongyuthi,13.789000000000001,13.789000000000001
Rhizomops,Rhizomops mengraii,13.789000000000001,13.789000000000001
Shanwangia,Shanwangia unexpectata,13.789000000000001,13.789000000000001
Soricella,Soricella discrepans,13.789000000000001,21.2
Vishnuonyx,Vishnuonyx chinjiensis,13.789000000000001,13.789000000000001
Brachyallodesmus,Brachyallodesmus packardi,13.795,13.795
Aelurodon,Aelurodon mcgrewi,14.1815,14.785
Amphicyon,Amphicyon longiramus,14.1815,18.2
Amphicyon,Amphicyon pontoni,14.1815,18.2
Amphicyon,Amphicyon riggsi,14.1815,14.1815
Brachypsalis,Brachypsalis hyaenoides,14.1815,14.1815
Brachypsalis,Brachypsalis modicus,14.1815,14.785
Brachypsalis,Brachypsalis pachycephalus,14.1815,14.785
Cormocyon,Cormocyon copei,14.1815,28.55
Cynarctoides,Cynarctoides gawnae,14.1815,18.2
Cynelos,Cynelos sinapius,14.1815,18.2
Daphoenodon,Daphoenodon (Borocyon) robustum,14.1815,22.615000000000002
Daphoenodon,Daphoenodon notionastes,14.1815,22.615000000000002
Desmocyon,Desmocyon thomsoni,14.1815,25.615000000000002
Dinocyon,Dinocyon thenardi,14.1815,16.435
Hesperosorex,Hesperosorex lovei,14.1815,14.1815
Hipposideros,Hipposideros bernardsigei,14.1815,14.1815
Hyaena,Hyaena hipparionum,14.1815,14.1815
Leptarctus,Leptarctus oregonensis,14.1815,18.2
Leptarctus,Leptarctus primus,14.1815,14.785
Limnoecus,Limnoecus niobrarensis,14.1815,14.785
Metatomarctus,Metatomarctus canavus,14.1815,18.2
Microtomarctus,Microtomarctus conferta,14.1815,18.2
Miophyllorhina,Miophyllorhina riversleighensis,14.1815,14.1815
Paracynarctus,Paracynarctus kelloggi,14.1815,18.2
Paradomnina,Paradomnina relictus,14.1815,14.785
Pliocyon,Pliocyon robustus,14.1815,14.1815
Plithocyon,Plithocyon ursinus,14.1815,14.785
Protomarctus,Protomarctus optatus,14.1815,18.205000000000002
Pseudaelurus,Pseudaelurus marshi,14.1815,14.785
Pseudotrimylus,Pseudotrimylus mawbyi,14.1815,14.785
Riversleigha,Riversleigha williamsi,14.1815,19.5
Sthenictis,Sthenictis junturensis,14.1815,14.1815
Tephrocyon,Tephrocyon rurestris,14.1815,14.785
Tomarctus,Tomarctus brevirostris,14.1815,18.2
Tomarctus,Tomarctus hippophaga,14.1815,18.2
Ursavus,Ursavus pawniensis,14.1815,14.1815
Plesiosorex,Plesiosorex germanicus,14.36,16.435
Actiocyon,Actiocyon parverratis,14.785,14.785
Adeloblarina,Adeloblarina berklandi,14.785,14.785
Aelurodon,Aelurodon asthenostylus,14.785,18.2
Aelurodon,Aelurodon montanensis,14.785,14.785
Amphicyon,Amphicyon frendens,14.785,18.2
Amphicyon,Amphicyon ingens,14.785,18.2
Angustidens,Angustidens vireti,14.785,18.2
Antesorex,Antesorex wilsoni,14.785,14.785
Arctonasua,Arctonasua gracilis,14.785,14.785
Arctonasua,Arctonasua minima,14.785,14.785
Bassariscus,Bassariscus minimus,14.785,14.785
Bassariscus,Bassariscus parvus,14.785,14.785
Brachypsalis,Brachypsalis obliquidens,14.785,18.2
Brevimalictis,Brevimalictis chikasha,14.785,14.785
Cynarctoides,Cynarctoides acridens,14.785,25.615000000000002
Cynarctus,Cynarctus galushai,14.785,14.785
Cynarctus,Cynarctus saxatilis,14.785,14.785
Cynarctus,Cynarctus wangi,14.785,14.785
Edaphocyon,Edaphocyon pointblankensis,14.785,14.785
Euoplocyon,Euoplocyon brachygnathus,14.785,18.2
Ingentisorex,Ingentisorex tumididens,14.785,14.785
Legionarictis,Legionarictis fortidens,14.785,14.785
Leptarctus,Leptarctus ancipidens,14.785,18.2
Leptarctus,Leptarctus martini,14.785,14.785
Leptocyon,Leptocyon leidyi,14.785,22.615000000000002
Martes,Martes kinseyi,14.785,14.785
Martes,Martes parviloba,14.785,14.785
Martes,Martes (Tomictis) gazini,14.785,14.785
Miomustela,Miomustela madisonae,14.785,14.785
Negodiaetictis,Negodiaetictis rugatrulleum,14.785,14.785
Osbornodon,Osbornodon fricki,14.785,18.2
Paracynarctus,Paracynarctus sinclairi,14.785,18.2
Parapotos,Parapotos tedfordi,14.785,14.785
Plesiosorex,Plesiosorex donroosai,14.785,14.785
Plesiosorex,Plesiosorex greeni,14.785,14.785
Pliocyon,Pliocyon medius,14.785,18.2
Plionictis,Plionictis oaxacaensis,14.785,14.785
Plithocyon,Plithocyon barstowensis,14.785,14.785
Potamonycteris,Potamonycteris biperforatus,14.785,14.785
Probassariscus,Probassariscus matthewi,14.785,14.785
Protepicyon,Protepicyon raki,14.785,14.785
Psalidocyon,Psalidocyon marianae,14.785,18.2
Pseudaelurus,Pseudaelurus aeluroides,14.785,14.785
Pseudaelurus,Pseudaelurus stouti,14.785,14.785
Pseudaelurus,Pseudaelurus validus,14.785,18.2
Pseudotrimylus,Pseudotrimylus roperi,14.785,18.2
Sthenictis,Sthenictis dolichops,14.785,18.2
Chainodus,Chainodus intercedens,14.81,18.45
Plesiodimylus,Plesiodimylus bavaricus,14.81,14.81
Plesiodimylus,Plesiodimylus helveticus,14.81,16.435
Pseudocyon,Pseudocyon steinheimensis,14.81,14.81
Ursavus,Ursavus elmensis,14.81,18.205000000000002
Allodesmus,Allodesmus kernensis,14.895,25.565
Broiliana,Broiliana nobilis,14.895,14.895
Cynarctus,Cynarctus marylandica,14.895,18.205000000000002
Cynelos,Cynelos idoneus,14.895,18.2
Eotaria,Eotaria citrica,14.895,14.895
Haplocyonoides,Haplocyonoides mordax,14.895,18.205000000000002
Monotherium,Monotherium wymani,14.895,14.895
Neotherium,Neotherium mirum,14.895,14.895
Palmidophoca,Palmidophoca callirhoe,14.895,14.895
Pelagiarctos,Pelagiarctos thomasi,14.895,14.895
Prototaria,Prototaria planicephala,14.895,14.895
Prototaria,Prototaria primigena,14.895,14.895
Pseudaelurus,Pseudaelurus romieviensis,14.895,16.435
Stromeriella,Stromeriella franconica,14.895,18.205000000000002
Magerictis,Magerictis imperialensis,15.274999999999999,15.274999999999999
Palynephyllum,Palynephyllum antimaster,15.9,15.9
Thyroptera,Thyroptera lavali,15.9,15.9
Thyroptera,Thyroptera robusta,15.9,15.9
Amphicyon,Amphicyon giganteus,16.435,17.319000000000003
Eptesicus,Eptesicus aurelianensis,16.435,18.45
Florinia,Florinia stehlini,16.435,18.45
Heterosorex,Heterosorex ruemkeae,16.435,16.435
Lartetium,Lartetium petersbuchense,16.435,16.435
Mionictis,Mionictis artenensis,16.435,16.435
Miosorex,Miosorex pusilliformis,16.435,16.435
Paenelimnoecus,Paenelimnoecus micromorphus,16.435,18.45
Palaeogale,Palaeogale hyaenoides,16.435,16.435
Palaeogale,Palaeogale minuta,16.435,25.615000000000002
Paralutra,Paralutra lorteti,16.435,16.435
Plesiosorex,Plesiosorex styriacus,16.435,16.435
Prosansanosmilus,Prosansanosmilus peregrinus,16.435,16.435
Semigenetta,Semigenetta cadeoti,16.435,16.435
Atopotarus,Atopotarus courseni,17.015,17.015
Enaliarctos,Enaliarctos emlongi,17.015,18.2
Kolponomos,Kolponomos newportensis,17.015,17.015
Mesoscalops,Mesoscalops montanensis,17.015,17.015
Pinnarctidion,Pinnarctidion rayi,17.015,17.015
Afrophoca,Afrophoca libyca,17.130000000000003,17.130000000000003
Eotaria,Eotaria crypta,17.130000000000003,17.130000000000003
Africanictis,Africanictis hyaenoides,17.319000000000003,17.319000000000003
Africanictis,Africanictis meini,17.319000000000003,17.319000000000003
Diamantofelis,Diamantofelis ferox,17.319000000000003,17.319000000000003
Diamantofelis,Diamantofelis minor,17.319000000000003,17.319000000000003
Namibictis,Namibictis senuti,17.319000000000003,17.319000000000003
Orangictis,Orangictis gariepensis,17.319000000000003,17.319000000000003
Ysengrinia,Ysengrinia ginsburgi,17.319000000000003,17.319000000000003
Mystacina,Mystacina miocenalis,17.45,17.45
Aelurodon,Aelurodon wheelerianus,18.2,18.2
Amphicyon,Amphicyon galushai,18.2,18.2
Bassaricyonoides,Bassaricyonoides phyllismillerae,18.2,18.2
Bassaricyonoides,Bassaricyonoides stewartae,18.2,18.2
Brachypsalis,Brachypsalis matutinus,18.2,18.2
Craterogale,Craterogale simus,18.2,18.2
Cynarctoides,Cynarctoides emryi,18.2,18.2
Cynarctoides,Cynarctoides whistleri,18.2,18.2
Cynelos,Cynelos caroniavorus,18.2,18.2
Daphoenodon,Daphoenodon (Borocyon) niobrarensis,18.2,18.2
Daphoenus,Daphoenus socialis,18.2,18.2
Desmocyon,Desmocyon matthewi,18.2,18.2
Dinogale,Dinogale siouxensis,18.2,18.2
Ectopocynus,Ectopocynus simplicidens,18.2,18.2
Edaphocyon,Edaphocyon lautus,18.2,18.2
Edaphocyon,Edaphocyon palmeri,18.2,18.2
Enaliarctos,Enaliarctos barnesi,18.2,18.2
Euoplocyon,Euoplocyon spissidens,18.2,18.2
Karstala,Karstala silva,18.2,18.2
Leptocyon,Leptocyon vulpinus,18.2,25.615000000000002
Limnoecus,Limnoecus compressus,18.2,18.2
Mesoscalops,Mesoscalops scopelotemos,18.2,18.2
Miomyotis,Miomyotis floridanus,18.2,18.2
Mionictis,Mionictis elegans,18.2,18.2
Mionictis,Mionictis incertus,18.2,18.2
Mionictis,Mionictis letifer,18.2,18.2
Oligobunis,Oligobunis floridanus,18.2,18.2
Osbornodon,Osbornodon brachypus,18.2,22.615000000000002
Osbornodon,Osbornodon iamonensis,18.2,19.5
Osbornodon,Osbornodon scitulus,18.2,18.2
Palaeogale,Palaeogale sectoria,18.2,35.55
Phlaocyon,Phlaocyon leucosteus,18.2,22.615000000000002
Phlaocyon,Phlaocyon mariae,18.2,18.2
Phlaocyon,Phlaocyon marslandensis,18.2,18.2
Phlaocyon,Phlaocyon minor,18.2,25.615000000000002
Phlaocyon,Phlaocyon yatkolai,18.2,18.2
Phoberocyon,Phoberocyon johnhenryi,18.2,18.2
Plesiosorex,Plesiosorex coloradensis,18.2,18.2
Primonatalus,Primonatalus prattae,18.2,18.2
Promartes,Promartes lepidus,18.2,25.615000000000002
Proscalops,Proscalops secundus,18.2,25.615000000000002
Pseudotrimylus,Pseudotrimylus blacki,18.2,18.2
Pseudotrimylus,Pseudotrimylus dakotensis,18.2,18.2
Sthenictis,Sthenictis bellus,18.2,18.2
Suaptenos,Suaptenos whitei,18.2,18.2
Wilsonosorex,Wilsonosorex bateslandensis,18.2,18.2
Wilsonosorex,Wilsonosorex conulatus,18.2,18.2
Zodiolestes,Zodiolestes freundi,18.2,18.2
Afrosmilus,Afrosmilus africanus,18.205000000000002,19.5
Asellia,Asellia mariaetheresae,18.205000000000002,18.205000000000002
Desmatophoca,Desmatophoca oregonensis,18.205000000000002,18.205000000000002
Ginsburgsmilus,Ginsburgsmilus napakensis,18.205000000000002,18.205000000000002
Hecubides,Hecubides euryodon,18.205000000000002,19.5
Hecubides,Hecubides macrodon,18.205000000000002,19.5
Hipposideros,Hipposideros (Brachipposideros) dechaseauxi,18.205000000000002,18.205000000000002
Hipposideros,Hipposideros (Pseudorhinolophus) bouziguensis,18.205000000000002,18.205000000000002
Kichechia,Kichechia zamanae,18.205000000000002,19.5
Pacificotaria,Pacificotaria hadromma,18.205000000000002,18.205000000000002
Prionogale,Prionogale breviceps,18.205000000000002,18.205000000000002
Proneotherium,Proneotherium repenningi,18.205000000000002,18.205000000000002
Pteronarctos,Pteronarctos piersoni,18.205000000000002,18.205000000000002
Tadarida,Tadarida rusingae,18.205000000000002,18.205000000000002
Ugandictis,Ugandictis napakensis,18.205000000000002,19.5
Dinosorex,Dinosorex anatolicus,18.45,19.5
Megaderma,Megaderma franconica,18.45,18.45
Rhinolophus,Rhinolophus dehmi,18.45,18.45
Turkodimylus,Turkodimylus sondaari,18.45,18.45
Mormopterus,Mormopterus barrancae,19.25,19.25
Africanictis,Africanictis schmidtkittleri,19.5,19.5
Brevipalatus,Brevipalatus mcculloughi,19.5,19.5
Herpestides,Herpestides aegypticus,19.5,19.5
Ketketictis,Ketketictis solida,19.5,19.5
Leptoplesictis,Leptoplesictis namibiensis,19.5,19.5
Leptoplesictis,Leptoplesictis senutae,19.5,19.5
Miocrocidosorex,Miocrocidosorex zazhigini,19.5,19.5
Moghradictis,Moghradictis nedjema,19.5,19.5
Namasector,Namasector soriae,19.5,19.5
Pseudaelurus,Pseudaelurus africanus,19.5,19.5
Turkodimylus,Turkodimylus hartogi,19.5,19.5
Xenorhinos,Xenorhinos halli,19.5,19.5
Amphictis,Amphictis borbonica,21.2,22.715
Amphictis,Amphictis prolongata,21.2,22.715
Amphictis,Amphictis schlosseri,21.2,22.715
Chainodus,Chainodus sulcatus,21.2,21.2
Chainodus,Chainodus ulmensis,21.2,21.2
Dimylus,Dimylus paradoxus,21.2,22.715
Franconictis,Franconictis vireti,21.2,25.715
Herpestides,Herpestides antiquus,21.2,22.715
Herpestides,Herpestides compactus,21.2,21.2
Palaeogale,Palaeogale praehyaenoides,21.2,21.2
Plesictis,Plesictis mayri,21.2,22.715
Plesiosorex,Plesiosorex soricinoides,21.2,21.2
Proailurus,Proailurus lemanensis,21.2,25.715
Pseudocordylodon,Pseudocordylodon vireti,21.2,25.715
Stromeriella,Stromeriella depressa,21.2,21.2
Viretictis,Viretictis julieni,21.2,21.2
Ysengrinia,Ysengrinia gerandiana,21.2,21.2
Chainodus,Chainodus eggingensis,21.735,21.735
Cordylodon,Cordylodon haslachensis,21.735,21.735
Desmatophoca,Desmatophoca brachycephala,21.735,21.735
Enaliarctos,Enaliarctos mealsi,21.735,21.735
Enaliarctos,Enaliarctos mitchelli,21.735,21.735
Kolponomos,Kolponomos clallamensis,21.735,21.735
Pinnarctidion,Pinnarctidion bishopi,21.735,21.735
Puijila,Puijila darwini,21.735,21.735
Adilophontes,Adilophontes brachykolos,22.615000000000002,25.615000000000002
Arikarictis,Arikarictis chapini,22.615000000000002,25.615000000000002
Cormocyon,Cormocyon haydeni,22.615000000000002,25.615000000000002
Cynarctoides,Cynarctoides harlowi,22.615000000000002,22.615000000000002
Cynarctoides,Cynarctoides lemur,22.615000000000002,28.55
Cynarctoides,Cynarctoides luskensis,22.615000000000002,25.615000000000002
Daphoenodon,Daphoenodon (Borocyon) neomexicanus,22.615000000000002,22.615000000000002
Daphoenodon,Daphoenodon falkenbachi,22.615000000000002,25.615000000000002
Daphoenodon,Daphoenodon skinneri,22.615000000000002,22.615000000000002
Daphoenodon,Daphoenodon superbus,22.615000000000002,22.615000000000002
Delotrochanter,Delotrochanter major,22.615000000000002,22.615000000000002
Delotrochanter,Delotrochanter oryktes,22.615000000000002,22.615000000000002
Enhydrocyon,Enhydrocyon basilatus,22.615000000000002,22.615000000000002
Enhydrocyon,Enhydrocyon crassidens,22.615000000000002,28.55
Enhydrocyon,Enhydrocyon pahinsintewakpa,22.615000000000002,28.55
Leptocyon,Leptocyon gregorii,22.615000000000002,22.615000000000002
Mammacyon,Mammacyon ferocior,22.615000000000002,22.615000000000002
Mammacyon,Mammacyon obtusidens,22.615000000000002,25.615000000000002
Megalictis,Megalictis ferox,22.615000000000002,22.615000000000002
Megalictis,Megalictis frazieri,22.615000000000002,22.615000000000002
Megalictis,Megalictis petersoni,22.615000000000002,22.615000000000002
Mesocyon,Mesocyon temnodon,22.615000000000002,33.599999999999994
Paraenhydrocyon,Paraenhydrocyon josephi,22.615000000000002,25.615000000000002
Paraenhydrocyon,Paraenhydrocyon robustus,22.615000000000002,22.615000000000002
Paraenhydrocyon,Paraenhydrocyon wallovianus,22.615000000000002,25.615000000000002
Phlaocyon,Phlaocyon achoros,22.615000000000002,22.615000000000002
Phlaocyon,Phlaocyon annectens,22.615000000000002,22.615000000000002
Phlaocyon,Phlaocyon multicuspus,22.615000000000002,22.615000000000002
Promartes,Promartes olcotti,22.615000000000002,25.55
Promartes,Promartes vantasselensis,22.615000000000002,22.615000000000002
Temnocyon,Temnocyon macrogenys,22.615000000000002,22.615000000000002
Temnocyon,Temnocyon percussor,22.615000000000002,22.615000000000002
Ysengrinia,Ysengrinia americana,22.615000000000002,25.615000000000002
Zodiolestes,Zodiolestes daimonelixensis,22.615000000000002,22.615000000000002
Dimyloides,Dimyloides stehlini,22.715,25.715
Potamotherium,Potamotherium vallentoni,22.715,25.715
Pseudocordylodon,Pseudocordylodon rigassii,22.715,22.715
Delotrochanter,Delotrochanter petersoni,25.55,25.55
Domnina,Domnina dakotensis,25.55,28.55
Promartes,Promartes darbyi,25.55,25.55
Darbonetus,Darbonetus tuberi,25.565,25.565
Dinailurictis,Dinailurictis bonali,25.565,31.15
Enaliarctos,Enaliarctos tedfordi,25.565,25.565
Gobisorex,Gobisorex kingae,25.565,31.15
Matanomictis,Matanomictis maniyarensis,25.565,25.565
Nimravus,Nimravus intermedius,25.565,35.55
Palaeotaria,Palaeotaria henriettae,25.565,25.565
Quercylurus,Quercylurus major,25.565,31.15
Stenoplesictis,Stenoplesictis cayluxi,25.565,31.15
Acheronictis,Acheronictis webbi,25.615000000000002,25.615000000000002
Allocyon,Allocyon loganensis,25.615000000000002,32.05
Archaeocyon,Archaeocyon falkenbachi,25.615000000000002,25.615000000000002
Archaeocyon,Archaeocyon leptodus,25.615000000000002,32.05
Archaeocyon,Archaeocyon pavidus,25.615000000000002,32.05
Caedocyon,Caedocyon tedfordi,25.615000000000002,25.615000000000002
Cynarctoides,Cynarctoides roii,25.615000000000002,28.55
Cynelos,Cynelos malasi,25.615000000000002,25.615000000000002
Cynodesmus,Cynodesmus martini,25.615000000000002,25.615000000000002
Cynodesmus,Cynodesmus thooides,25.615000000000002,32.05
Daphoenus,Daphoenus ruber,25.615000000000002,25.615000000000002
Dinaelurus,Dinaelurus crassus,25.615000000000002,25.615000000000002
Dinictis,Dinictis cyclops,25.615000000000002,25.615000000000002
Domnina,Domnina greeni,25.615000000000002,25.615000000000002
Ectopocynus,Ectopocynus antiquus,25.615000000000002,32.05
Ectopocynus,Ectopocynus intermedius,25.615000000000002,25.615000000000002
Enhydrocyon,Enhydrocyon stenocephalus,25.615000000000002,25.615000000000002
Hoplophoneus,Hoplophoneus cerebralis,25.615000000000002,28.55
Leptocyon,Leptocyon delicatus,25.615000000000002,25.615000000000002
Leptocyon,Leptocyon douglassi,25.615000000000002,28.55
Leptocyon,Leptocyon mollis,25.615000000000002,25.615000000000002
Mesocyon,Mesocyon brachyops,25.615000000000002,25.615000000000002
Mesocyon,Mesocyon coryphaeus,25.615000000000002,25.615000000000002
Micropternodus,Micropternodus morgani,25.615000000000002,25.615000000000002
Nimravus,Nimravus sectator,25.615000000000002,25.615000000000002
Osbornodon,Osbornodon sesnoni,25.615000000000002,32.05
Osbornodon,Osbornodon wangi,25.615000000000002,25.615000000000002
Otarocyon,Otarocyon cooki,25.615000000000002,28.55
Palaeogale,Palaeogale dorothiae,25.615000000000002,28.55
Palaeogale,Palaeogale sanguinarius,25.615000000000002,25.615000000000002
Paradaphoenus,Paradaphoenus cuspigerus,25.615000000000002,25.615000000000002
Paradaphoenus,Paradaphoenus tooheyi,25.615000000000002,32.05
Philotrox,Philotrox condoni,25.615000000000002,28.55
Phlaocyon,Phlaocyon latidens,25.615000000000002,32.05
Phlaocyon,Phlaocyon taylori,25.615000000000002,27.8
Phoberogale,Phoberogale shareri,25.615000000000002,25.615000000000002
Pogonodon,Pogonodon brachyops,25.615000000000002,32.05
Pogonodon,Pogonodon platycopis,25.615000000000002,25.615000000000002
Promartes,Promartes gemmarosae,25.615000000000002,25.615000000000002
Proscalops,Proscalops intermedius,25.615000000000002,25.615000000000002
Proscalops,Proscalops tertius,25.615000000000002,33.599999999999994
Rhizocyon,Rhizocyon oregonensis,25.615000000000002,25.615000000000002
Rudiocyon,Rudiocyon amplidens,25.615000000000002,25.615000000000002
Sunkahetanka,Sunkahetanka geringensis,25.615000000000002,28.55
Temnocyon,Temnocyon altigenis,25.615000000000002,32.05
Temnocyon,Temnocyon fingeruti,25.615000000000002,25.615000000000002
Temnocyon,Temnocyon subferox,25.615000000000002,25.615000000000002
Temnocyon,Temnocyon typicus,25.615000000000002,25.615000000000002
Adelpharctos,Adelpharctos ginsburgi,25.715,25.715
Aralosorex,Aralosorex kalini,25.715,25.715
Atasorex,Atasorex edax,25.715,25.715
Cephalogale,Cephalogale meschethense,25.715,25.715
Chaprongictis,Chaprongictis phetchaburiensis,25.715,25.715
Cyonarctos,Cyonarctos dessei,25.715,25.715
Dinosorex,Dinosorex huerzeleri,25.715,25.715
Exoedaenodus,Exoedaenodus schaubi,25.715,25.715
Gobisorex,Gobisorex akhmetievi,25.715,25.715
Mioprionodon,Mioprionodon hodopeus,25.715,25.715
Quercysorex,Quercysorex ulmensis,25.715,25.715
Siamosorex,Siamosorex debonisi,25.715,25.715
Srinitium,Srinitium caeruleum,25.715,25.715
Stenogale,Stenogale bransatensis,25.715,25.715
Stenoplesictis,Stenoplesictis crocheti,25.715,25.715
Tavoonyia,Tavoonyia altaica,25.715,25.715
Ulmensia,Ulmensia antecedens,25.715,25.715
Ulmensia,Ulmensia ehrensteinensis,25.715,25.715
Viretictis,Viretictis gaillardi,25.715,25.715
Eofelis,Eofelis edwardsii,28.465,31.15
Pseudobassaris,Pseudobassaris riggsi,28.465,28.465
Stenogale,Stenogale intermedia,28.465,28.465
Stenoplesictis,Stenoplesictis minor,28.465,31.15
Oligoscalops,Oligoscalops galbreathi,28.55,35.55
Pogonodon,Pogonodon eileenae,28.55,28.55
Proscalops,Proscalops evelynae,28.55,28.55
Proscalops,Proscalops miocaenus,28.55,33.599999999999994
Eofelis,Eofelis giganteus,30.115000000000002,30.115000000000002
Dhofarella,Dhofarella sigei,31.0,31.0
Hipposideros,Hipposideros schlosseri,31.0,39.65
Khonsunycteris,Khonsunycteris aegypticus,31.0,31.0
Palaeophyllophora,Palaeophyllophora quercyi,31.0,39.65
Philisis,Philisis sphingis,31.0,31.0
Saharaderma,Saharaderma pseudovampyrus,31.0,31.0
Vampyravus,Vampyravus orientalis,31.0,31.0
Vaylatsia,Vaylatsia prisca,31.0,32.8
Vespertiliavus,Vespertiliavus gracilis,31.0,39.65
Adelpharctos,Adelpharctos mirus,31.15,31.15
Amphicticeps,Amphicticeps dorog,31.15,31.15
Amphicticeps,Amphicticeps makhchinus,31.15,31.15
Amphicticeps,Amphicticeps shackelfordi,31.15,31.15
Amphicynodon,Amphicynodon leptorhynchus,31.15,31.15
Amphicynodon,Amphicynodon teilhardi,31.15,31.15
Amphidozotherium,Amphidozotherium cayluxi,31.15,35.95
Anatolechinos,Anatolechinos neimongolensis,31.15,35.55
Anictis,Anictis simplicidens,31.15,31.15
Archaeopteropus,Archaeopteropus transiens,31.15,31.15
Asiavorator,Asiavorator gracilis,31.15,35.55
Butselia,Butselia biveri,31.15,31.15
Cephalogale,Cephalogale minor,31.15,31.15
Chibanycteris,Chibanycteris herberti,31.15,31.15
Darbonetus,Darbonetus aubrelongensis,31.15,31.15
Dhofarella,Dhofarella thaleri,31.15,31.15
Euronyctia,Euronyctia belgica,31.15,31.15
Eusmilus,Eusmilus bidentatus,31.15,31.15
Eusmilus,Eusmilus villebramarensis,31.15,31.15
Harpagophagus,Harpagophagus sanguinensis,31.15,31.15
Hipposideros,Hipposideros morloti,31.15,35.95
Hipposideros,Hipposideros omani,31.15,31.15
Mixopteryx,Mixopteryx dubia,31.15,31.15
Mixopteryx,Mixopteryx weithoferi,31.15,31.15
Mustelictis,Mustelictis olivieri,31.15,31.15
Pachycynodon,Pachycynodon borei,31.15,31.15
Pachycynodon,Pachycynodon crassirostris,31.15,31.15
Pachycynodon,Pachycynodon tedfordi,31.15,31.15
Pyctis,Pyctis inamatus,31.15,31.15
Saturninia,Saturninia gracilis,31.15,35.95
Shandgolictis,Shandgolictis constans,31.15,31.15
Srinitium,Srinitium marteli,31.15,31.15
Stehlinia,Stehlinia bonisi,31.15,31.15
Stehlinia,Stehlinia gracilis,31.15,39.65
Stenoplesictis,Stenoplesictis elegans,31.15,31.15
Taatsiinia,Taatsiinia hoeckorum,31.15,31.15
Tupaiodon,Tupaiodon morrisi,31.15,31.15
Zaraalestes,Zaraalestes minutus,31.15,31.15
Dinictis,Dinictis felina,32.05,35.55
Domnina,Domnina gradata,32.05,43.3
Hesperocyon,Hesperocyon gregarius,32.05,38.8
Hoplophoneus,Hoplophoneus strigidens,32.05,32.05
Osbornodon,Osbornodon renjiei,32.05,33.599999999999994
Oxetocyon,Oxetocyon cuspidatus,32.05,32.05
Apternodus,Apternodus gregoryi,33.599999999999994,35.55
Daphoenus,Daphoenus felinus,33.599999999999994,33.599999999999994
Daphoenus,Daphoenus hartshornianus,33.599999999999994,33.599999999999994
Daphoenus,Daphoenus vetus,33.599999999999994,33.599999999999994
Drassonax,Drassonax harpagops,33.599999999999994,33.599999999999994
Eusmilus,Eusmilus sicarius,33.599999999999994,35.25
Hesperocyon,Hesperocyon coloradensis,33.599999999999994,33.599999999999994
Hoplophoneus,Hoplophoneus occidentalis,33.599999999999994,33.599999999999994
Hoplophoneus,Hoplophoneus primaevus,33.599999999999994,33.599999999999994
Oligoryctes,Oligoryctes altitalonidus,33.599999999999994,43.3
Otarocyon,Otarocyon macdonaldi,33.599999999999994,33.599999999999994
Paradaphoenus,Paradaphoenus minimus,33.599999999999994,33.599999999999994
Parictis,Parictis dakotensis,33.599999999999994,35.55
Parictis,Parictis gilpini,33.599999999999994,35.55
Protemnocyon,Protemnocyon inflatus,33.599999999999994,33.599999999999994
Pseudotrimylus,Pseudotrimylus compressus,33.599999999999994,33.599999999999994
Apternodus,Apternodus dasophylakas,35.25,35.25
Alagtsavbaatar,Alagtsavbaatar indigenus,35.55,35.55
Apternodus,Apternodus baladontus,35.55,37.15
Apternodus,Apternodus brevirostris,35.55,35.55
Apternodus,Apternodus iliffensis,35.55,38.8
Apternodus,Apternodus major,35.55,35.55
Apternodus,Apternodus mediaevus,35.55,35.55
Brachyrhynchocyon,Brachyrhynchocyon dodgei,35.55,35.55
Brachyrhynchocyon,Brachyrhynchocyon intermedius,35.55,35.55
Brachyrhynchocyon,Brachyrhynchocyon montanus,35.55,35.55
Chadronycteris,Chadronycteris rabenae,35.55,35.55
Clinopternodus,Clinopternodus gracilis,35.55,35.55
Cryptoryctes,Cryptoryctes kayi,35.55,35.55
Cynodictis,Cynodictis lacustris,35.55,35.95
Daphoenictis,Daphoenictis tedfordi,35.55,35.55
Daphoenus,Daphoenus lambei,35.55,38.8
Domnina,Domnina sagittariensis,35.55,35.55
Domnina,Domnina thompsoni,35.55,37.15
Epoicotherium,Epoicotherium unicum,35.55,35.55
Guangxicyon,Guangxicyon sinoamericanus,35.55,35.55
Hoplophoneus,Hoplophoneus mentalis,35.55,35.55
Ictopidium,Ictopidium lechei,35.55,42.900000000000006
Maofelis,Maofelis cantonensis,35.55,35.55
Miacis,Miacis cognitus,35.55,35.55
Micropternodus,Micropternodus borealis,35.55,35.55
Micropternodus,Micropternodus montrosensis,35.55,35.55
Mustelavus,Mustelavus priscus,35.55,35.55
Nimravus,Nimravus mongoliensis,35.55,35.55
Oligoryctes,Oligoryctes cameronensis,35.55,37.15
Orientictis,Orientictis spanios,35.55,35.55
Parictis,Parictis major,35.55,35.55
Parictis,Parictis montanus,35.55,35.55
Parictis,Parictis parvus,35.55,35.55
Parictis,Parictis personi,35.55,35.55
Patriomanis,Patriomanis americanus,35.55,35.55
Progenitohyus,Progenitohyus thailandicus,35.55,35.55
Prohesperocyon,Prohesperocyon wilsoni,35.55,35.55
Quercygale,Quercygale angustidens,35.55,39.65
Quercygale,Quercygale hastingsae,35.55,35.55
Saturninia,Saturninia beata,35.55,39.65
Saturninia,Saturninia intermedia,35.55,44.5
Scraeva,Scraeva hatherwoodensis,35.55,35.55
Aegyptonycteris,Aegyptonycteris knightae,35.95,35.95
Euronyctia,Euronyctia saturninensis,35.95,35.95
Palaeophyllophora,Palaeophyllophora oltina,35.95,35.95
Qarunycteris,Qarunycteris moerisae,35.95,35.95
Rhinolophus,Rhinolophus priscus,35.95,35.95
Witwatia,Witwatia eremicus,35.95,35.95
Witwatia,Witwatia schlosseri,35.95,35.95
Lycophocyon,Lycophocyon hutchisoni,38.8,43.3
Miacis,Miacis australis,38.8,38.8
Miocyon,Miocyon magnus,38.8,38.8
Nyctitherium,Nyctitherium christopheri,38.8,43.3
Talpavus,Talpavus conjunctus,38.8,38.8
Wallia,Wallia scalopidens,38.8,43.3
Pakkokuhyus,Pakkokuhyus lahirii,39.65,39.65
Quercygale,Quercygale helvetica,39.65,44.55
Saturninia,Saturninia mamertensis,39.65,44.5
Simamphicyon,Simamphicyon helveticus,39.65,39.65
Raoella,Raoella dograi,41.25,41.25
Asiapternodus,Asiapternodus mackennai,42.900000000000006,42.900000000000006
Chailicyon,Chailicyon crassidens,42.900000000000006,42.900000000000006
Cryptomanis,Cryptomanis gobiensis,42.900000000000006,42.900000000000006
Gobiohyus,Gobiohyus orientalis,42.900000000000006,42.900000000000006
Gobiohyus,Gobiohyus pressidens,42.900000000000006,42.900000000000006
Gobiohyus,Gobiohyus reshetovi,42.900000000000006,42.900000000000006
Gobiohyus,Gobiohyus robustus,42.900000000000006,42.900000000000006
Iconapternodus,Iconapternodus qii,42.900000000000006,42.900000000000006
Lapichiropteryx,Lapichiropteryx xiei,42.900000000000006,42.900000000000006
Miacis,Miacis boqinghensis,42.900000000000006,42.900000000000006
Miacis,Miacis invictus,42.900000000000006,42.900000000000006
Miacis,Miacis lushiensis,42.900000000000006,42.900000000000006
Sarkastodon,Sarkastodon henanensis,42.900000000000006,42.900000000000006
Sarkastodon,Sarkastodon mongoliensis,42.900000000000006,42.900000000000006
Soricolestes,Soricolestes soricavus,42.900000000000006,42.900000000000006
Yuanqulestes,Yuanqulestes qiui,42.900000000000006,42.900000000000006
Zaraalestes,Zaraalestes russelli,42.900000000000006,42.900000000000006
Apataelurus,Apataelurus kayi,43.3,43.3
Apriculus,Apriculus praeteritus,43.3,43.3
Harpalodon,Harpalodon sylvestris,43.3,43.3
Miacis,Miacis hookwayi,43.3,43.3
Miacis,Miacis medius,43.3,43.3
Miocyon,Miocyon scotti,43.3,43.3
Miocyon,Miocyon vallisrubrae,43.3,43.3
Neovulpavus,Neovulpavus washakius,43.3,43.3
Nyctitherium,Nyctitherium serotinum,43.3,53.05
Patriofelis,Patriofelis ferox,43.3,48.25
Procynodictis,Procynodictis progressus,43.3,43.3
Procynodictis,Procynodictis vulpiceps,43.3,48.25
Prodaphaenus,Prodaphaenus uintensis,43.3,43.3
Protictoides,Protictoides aprophatos,43.3,43.3
Talpavus,Talpavus duplus,43.3,43.3
Tapocyon,Tapocyon dawsonae,43.3,43.3
Tapocyon,Tapocyon robustus,43.3,43.3
Uintacyon,Uintacyon acutus,43.3,43.3
Uintacyon,Uintacyon vorax,43.3,48.25
Viverravus,Viverravus minutus,43.3,53.05
Viverravus,Viverravus sicarius,43.3,48.25
Tachypteron,Tachypteron franzeni,44.5,44.5
Vespertiliavus,Vespertiliavus lapradei,44.5,44.5
Anatolechinos,Anatolechinos huadianensis,44.55,44.55
Cecilionycteris,Cecilionycteris prisca,44.55,44.55
Ernosorex,Ernosorex jilinensis,44.55,44.55
Pakilestes,Pakilestes lathrius,44.55,44.55
Seia,Seia shahi,44.55,44.55
Tanzanycteris,Tanzanycteris mannardi,44.55,44.55
Saturninia,Saturninia carbonum,44.95,44.95
Brachianodon,Brachianodon westorum,48.25,48.25
Dawsonicyon,Dawsonicyon isami,48.25,48.25
Didymictis,Didymictis altidens,48.25,53.05
Didymictis,Didymictis vancleveae,48.25,48.25
Dipassalus,Dipassalus oryctes,48.25,53.05
Machaeroides,Machaeroides eothen,48.25,48.25
Machaeroides,Machaeroides simpsoni,48.25,53.05
Malfelis,Malfelis badwaterensis,48.25,48.25
Metacheiromys,Metacheiromys dasypus,48.25,48.25
Metacheiromys,Metacheiromys marshi,48.25,48.25
Miacis,Miacis exiguus,48.25,53.05
Miacis,Miacis latidens,48.25,53.05
Miacis,Miacis parvivorus,48.25,53.05
Miocyon,Miocyon major,48.25,48.25
Nyctitherium,Nyctitherium velox,48.25,48.25
Oodectes,Oodectes herpestoides,48.25,48.25
Palaearctonyx,Palaearctonyx meadi,48.25,48.25
Patriofelis,Patriofelis ulta,48.25,48.25
Pontifactor,Pontifactor bestiola,48.25,56.3
Talpavus,Talpavus nitidus,48.25,48.25
Tetrapassalus,Tetrapassalus mckennai,48.25,48.25
Tetrapassalus,Tetrapassalus proius,48.25,48.25
Tubulodon,Tubulodon taylori,48.25,48.25
Tubulodon,Tubulodon woodi,48.25,53.05
Uintacyon,Uintacyon asodes,48.25,53.05
Uintacyon,Uintacyon edax,48.25,48.25
Uintacyon,Uintacyon jugulans,48.25,48.25
Viverravus,Viverravus gracilis,48.25,53.05
Viverravus,Viverravus lutosus,48.25,53.05
Vulpavus,Vulpavus australis,48.25,53.05
Vulpavus,Vulpavus canavus,48.25,53.05
Vulpavus,Vulpavus farsonensis,48.25,48.25
Vulpavus,Vulpavus hargeri,48.25,48.25
Vulpavus,Vulpavus ovatus,48.25,48.25
Vulpavus,Vulpavus palustris,48.25,48.25
Vulpavus,Vulpavus profectus,48.25,48.25
Chambilestes,Chambilestes foussanensis,48.65,48.65
Dizzya,Dizzya exsultans,48.65,48.65
Ageina,Ageina tobieni,51.9,53.05
Archaeonycteris,Archaeonycteris brailloni,51.9,51.9
Archaeonycteris,Archaeonycteris storchi,51.9,51.9
Australonycteris,Australonycteris clarkae,51.9,51.9
Cambaya,Cambaya complexus,51.9,51.9
Dormaalocyon,Dormaalocyon latouri,51.9,52.2
Eppsinycteris,Eppsinycteris anglica,51.9,51.9
Gracilocyon,Gracilocyon solei,51.9,52.2
Hassianycteris,Hassianycteris kumari,51.9,51.9
Icaronycteris,Icaronycteris menui,51.9,51.9
Icaronycteris,Icaronycteris sigei,51.9,51.9
Jaegeria,Jaegeria cambayensis,51.9,51.9
Machocyon,Machocyon abbasi,51.9,51.9
Miacis,Miacis rundlei,51.9,51.9
Microchiropteryx,Microchiropteryx folieae,51.9,51.9
Obashtakaia,Obashtakaia aeruginis,51.9,51.9
Oxyaena,Oxyaena gulo,51.9,53.05
Oxyaena,Oxyaena woutersi,51.9,52.2
Palaeonictis,Palaeonictis gigantea,51.9,52.2
Placentidens,Placentidens lotus,51.9,51.9
Protonycteris,Protonycteris gunnelli,51.9,51.9
Quercygale,Quercygale smithi,51.9,51.9
Quettacyon,Quettacyon parachai,51.9,51.9
Sororocyon,Sororocyon usmanii,51.9,51.9
Uintacyon,Uintacyon hookeri,51.9,52.2
Uintacyon,Uintacyon rudis,51.9,57.25
Vassacyon,Vassacyon taxidiotis,51.9,51.9
Vastania,Vastania sahnia,51.9,51.9
Viverravus,Viverravus lawsoni,51.9,51.9
Wyonycteris,Wyonycteris richardi,51.9,52.2
Ambloctonus,Ambloctonus priscus,52.2,52.2
Archaeonycteris,Archaeonycteris praecursor,52.2,52.2
Auroratherium,Auroratherium sinense,52.2,52.2
Bumbanius,Bumbanius rarus,52.2,52.2
Changlelestes,Changlelestes dissetiformis,52.2,52.2
Didymictis,Didymictis leptomylus,52.2,53.05
Didymictis,Didymictis protenus,52.2,56.3
Dipsalidictis,Dipsalidictis platypus,52.2,56.3
Dipsalidictis,Dipsalidictis transiens,52.2,56.3
Edzenius,Edzenius lus,52.2,52.2
Eosoricodon,Eosoricodon terrigena,52.2,52.2
Gracilocyon,Gracilocyon rosei,52.2,52.2
Gracilocyon,Gracilocyon winkleri,52.2,53.05
Leptacodon,Leptacodon donkroni,52.2,52.2
Leptacodon,Leptacodon nascimentoi,52.2,52.2
Miacis,Miacis deutschi,52.2,53.05
Miacis,Miacis petilus,52.2,53.05
Oedolius,Oedolius perexiguus,52.2,52.2
Ordolestes,Ordolestes ordinatus,52.2,52.2
Oxyaena,Oxyaena forcipata,52.2,53.05
Oxyaena,Oxyaena intermedia,52.2,53.05
Palaeanodon,Palaeanodon ignavus,52.2,53.05
Palaeanodon,Palaeanodon nievelti,52.2,53.05
Palaeonictis,Palaeonictis occidentalis,52.2,56.3
Plagioctenodon,Plagioctenodon dormaalensis,52.2,53.05
Plagioctenoides,Plagioctenoides microlestes,52.2,53.05
Plagioctenoides,Plagioctenoides tombowni,52.2,52.2
Preonictis,Preonictis youngi,52.2,52.2
Talpilestes,Talpilestes asiatica,52.2,52.2
Tubulodon,Tubulodon atopum,52.2,53.05
Uintacyon,Uintacyon gingerichi,52.2,52.2
Variviverra,Variviverra vegetatus,52.2,52.2
Vassacyon,Vassacyon promicrodon,52.2,53.05
Viverravus,Viverravus acutus,52.2,56.3
Viverravus,Viverravus laytoni,52.2,59.25
Viverravus,Viverravus politus,52.2,59.25
Viverravus,Viverravus rosei,52.2,57.25
Xinyuictis,Xinyuictis tenuis,52.2,52.2
Zodiocyon,Zodiocyon zetesios,52.2,52.2
Ambloctonus,Ambloctonus major,53.05,53.05
Ambloctonus,Ambloctonus sinosus,53.05,53.05
Arcticanodon,Arcticanodon dawsonae,53.05,53.05
Diacocherus,Diacocherus dockeryi,53.05,53.05
Diacodon,Diacodon alticuspis,53.05,53.05
Diacodon,Diacodon celatus,53.05,53.05
Didymictis,Didymictis proteus,53.05,59.25
Eogale,Eogale parydros,53.05,53.05
Gracilocyon,Gracilocyon igniculus,53.05,53.05
Honrovits,Honrovits tsuwape,53.05,53.05
Icaronycteris,Icaronycteris index,53.05,53.05
Koniaryctes,Koniaryctes paulus,53.05,53.05
Leptacodon,Leptacodon catulus,53.05,53.05
Onychonycteris,Onychonycteris finneyi,53.05,53.05
Oodectes,Oodectes jepseni,53.05,53.05
Oxyaena,Oxyaena lupina,53.05,53.05
Oxyaena,Oxyaena pardalis,53.05,53.05
Oxyaena,Oxyaena simpsoni,53.05,53.05
Palaeonictis,Palaeonictis wingi,53.05,53.05
Parapternodus,Parapternodus antiquus,53.05,53.05
Plagioctenodon,Plagioctenodon krausae,53.05,56.3
Plagioctenodon,Plagioctenodon savagei,53.05,53.05
Talpavoides,Talpavoides dartoni,53.05,59.25
Talpavus,Talpavus sullivani,53.05,53.05
Tubulodon,Tubulodon pearcei,53.05,53.05
Uintacyon,Uintacyon massetericus,53.05,53.05
Vassacyon,Vassacyon bowni,53.05,53.05
Viverriscus,Viverriscus omnivorus,53.05,53.05
Wyonycteris,Wyonycteris primitivus,53.05,53.05
Ceutholestes,Ceutholestes dolosus,56.3,56.3
Diacocherus,Diacocherus minutus,56.3,59.25
Dipsalidictis,Dipsalidictis aequidens,56.3,56.3
Dipsalidictis,Dipsalidictis krausei,56.3,56.3
Dipsalodon,Dipsalodon churchillorum,56.3,59.25
Dipsalodon,Dipsalodon matthewi,56.3,56.3
Limaconyssus,Limaconyssus habrus,56.3,56.3
Palaeanodon,Palaeanodon parvulus,56.3,56.3
Palaeonictis,Palaeonictis peloria,56.3,56.3
Plagioctenodon,Plagioctenodon rosei,56.3,57.25
Tytthaena,Tytthaena lichna,56.3,56.3
Wyonycteris,Wyonycteris chalix,56.3,57.25
Asionyctia,Asionyctia guoi,57.25,57.25
Bayanulanius,Bayanulanius tenuis,57.25,57.25
Bumbanius,Bumbanius ningi,57.25,57.25
Ernanodon,Ernanodon antelios,57.25,58.75
Praolestes,Praolestes maximus,57.25,57.25
Praolestes,Praolestes nanus,57.25,57.25
Vassacyon,Vassacyon prieuri,57.25,57.25
Amelotabes,Amelotabes simpsoni,59.25,59.25
Bryanictis,Bryanictis microlestes,59.25,62.5
Diacocherus,Diacocherus meizon,59.25,59.25
Leptacodon,Leptacodon munusculum,59.25,62.5
Leptacodon,Leptacodon packi,59.25,59.25
Leptacodon,Leptacodon tener,59.25,62.5
Melaniella,Melaniella timosa,59.25,59.25
Mylanodon,Mylanodon rosei,59.25,59.25
Pristinictis,Pristinictis connata,59.25,59.25
Propalaeanodon,Propalaeanodon schaffi,59.25,59.25
Protictis,Protictis agastor,59.25,59.25
Protictis,Protictis haydenianus,59.25,62.5
Protictis,Protictis paralus,59.25,59.25
Raphictis,Raphictis gausion,59.25,59.25
Simpsonictis,Simpsonictis pegus,59.25,62.5
Simpsonictis,Simpsonictis tenuis,59.25,62.5
Tytthaena,Tytthaena parrisi,59.25,59.25
Xenacodon,Xenacodon mutilatus,59.25,59.25
Intyrictis,Intyrictis vanvaleni,60.05,62.5
Pappictidops,Pappictidops acies,62.35,62.35
Pappictidops,Pappictidops obtusus,62.35,62.35
Bryanictis,Bryanictis paulus,62.5,62.5
Escavadodon,Escavadodon zygus,62.5,62.5
Ictidopappus,Ictidopappus mustelinus,62.5,62.5
Protictis,Protictis minor,62.5,62.5
Protictis,Protictis simpsoni,62.5,62.5
Simpsonictis,Simpsonictis jaynanneae,62.5,62.5
Quadratodon,Quadratodon sigei,63.8,63.8
Pappictidops,Pappictidops orientalis,63.85,63.85
Leptacodon,Leptacodon proserpinae,64.65,64.65
Ravenictis,Ravenictis krausei,64.65,64.65
Altacreodus,Altacreodus magnus,68.3,69.05
